<annotation>
	<folder></folder>
	<filename>000041_jpg.rf.d13a7b772dae4dcef7aee61a4a4539a9.jpg</filename>
	<path>000041_jpg.rf.d13a7b772dae4dcef7aee61a4a4539a9.jpg</path>
	<source>
		<database>roboflow.com</database>
	</source>
	<size>
		<width>640</width>
		<height>640</height>
		<depth>3</depth>
	</size>
	<segmented>0</segmented>
	<object>
		<name>Needle_base</name>
		<pose>Unspecified</pose>
		<truncated>0</truncated>
		<difficult>0</difficult>
		<occluded>0</occluded>
		<bndbox>
			<xmin>321</xmin>
			<xmax>401</xmax>
			<ymin>231</ymin>
			<ymax>316</ymax>
		</bndbox>
	</object>
	<object>
		<name>max_value</name>
		<pose>Unspecified</pose>
		<truncated>0</truncated>
		<difficult>0</difficult>
		<occluded>0</occluded>
		<bndbox>
			<xmin>417</xmin>
			<xmax>475</xmax>
			<ymin>328</ymin>
			<ymax>374</ymax>
		</bndbox>
	</object>
	<object>
		<name>min_value</name>
		<pose>Unspecified</pose>
		<truncated>0</truncated>
		<difficult>0</difficult>
		<occluded>0</occluded>
		<bndbox>
			<xmin>263</xmin>
			<xmax>309</xmax>
			<ymin>330</ymin>
			<ymax>374</ymax>
		</bndbox>
	</object>
	<object>
		<name>Needle_Tip</name>
		<pose>Unspecified</pose>
		<truncated>0</truncated>
		<difficult>0</difficult>
		<occluded>0</occluded>
		<bndbox>
			<xmin>260</xmin>
			<xmax>301</xmax>
			<ymin>151</ymin>
			<ymax>193</ymax>
		</bndbox>
	</object>
</annotation>
