<annotation>
	<folder></folder>
	<filename>000036_jpg.rf.4d8c4a85d3439dd6c3649b053cfcfcca.jpg</filename>
	<path>000036_jpg.rf.4d8c4a85d3439dd6c3649b053cfcfcca.jpg</path>
	<source>
		<database>roboflow.com</database>
	</source>
	<size>
		<width>640</width>
		<height>640</height>
		<depth>3</depth>
	</size>
	<segmented>0</segmented>
	<object>
		<name>min_value</name>
		<pose>Unspecified</pose>
		<truncated>0</truncated>
		<difficult>0</difficult>
		<occluded>0</occluded>
		<bndbox>
			<xmin>303</xmin>
			<xmax>360</xmax>
			<ymin>399</ymin>
			<ymax>472</ymax>
		</bndbox>
	</object>
	<object>
		<name>Needle_base</name>
		<pose>Unspecified</pose>
		<truncated>0</truncated>
		<difficult>0</difficult>
		<occluded>0</occluded>
		<bndbox>
			<xmin>269</xmin>
			<xmax>382</xmax>
			<ymin>267</ymin>
			<ymax>364</ymax>
		</bndbox>
	</object>
	<object>
		<name>Needle_Tip</name>
		<pose>Unspecified</pose>
		<truncated>0</truncated>
		<difficult>0</difficult>
		<occluded>0</occluded>
		<bndbox>
			<xmin>454</xmin>
			<xmax>518</xmax>
			<ymin>291</ymin>
			<ymax>328</ymax>
		</bndbox>
	</object>
	<object>
		<name>max_value</name>
		<pose>Unspecified</pose>
		<truncated>0</truncated>
		<difficult>0</difficult>
		<occluded>0</occluded>
		<bndbox>
			<xmin>423</xmin>
			<xmax>482</xmax>
			<ymin>287</ymin>
			<ymax>343</ymax>
		</bndbox>
	</object>
</annotation>
