<annotation>
	<folder></folder>
	<filename>000036_jpg.rf.914a61ac1173d10f1787c2eb5d58963a.jpg</filename>
	<path>000036_jpg.rf.914a61ac1173d10f1787c2eb5d58963a.jpg</path>
	<source>
		<database>roboflow.com</database>
	</source>
	<size>
		<width>640</width>
		<height>640</height>
		<depth>3</depth>
	</size>
	<segmented>0</segmented>
	<object>
		<name>min_value</name>
		<pose>Unspecified</pose>
		<truncated>0</truncated>
		<difficult>0</difficult>
		<occluded>0</occluded>
		<bndbox>
			<xmin>399</xmin>
			<xmax>472</xmax>
			<ymin>303</ymin>
			<ymax>360</ymax>
		</bndbox>
	</object>
	<object>
		<name>Needle_base</name>
		<pose>Unspecified</pose>
		<truncated>0</truncated>
		<difficult>0</difficult>
		<occluded>0</occluded>
		<bndbox>
			<xmin>267</xmin>
			<xmax>364</xmax>
			<ymin>269</ymin>
			<ymax>382</ymax>
		</bndbox>
	</object>
	<object>
		<name>Needle_Tip</name>
		<pose>Unspecified</pose>
		<truncated>0</truncated>
		<difficult>0</difficult>
		<occluded>0</occluded>
		<bndbox>
			<xmin>291</xmin>
			<xmax>328</xmax>
			<ymin>454</ymin>
			<ymax>518</ymax>
		</bndbox>
	</object>
	<object>
		<name>max_value</name>
		<pose>Unspecified</pose>
		<truncated>0</truncated>
		<difficult>0</difficult>
		<occluded>0</occluded>
		<bndbox>
			<xmin>287</xmin>
			<xmax>343</xmax>
			<ymin>423</ymin>
			<ymax>482</ymax>
		</bndbox>
	</object>
</annotation>
