<annotation>
	<folder></folder>
	<filename>000108_jpg.rf.87d2c195577108c3b2e8dd83f6cfaf92.jpg</filename>
	<path>000108_jpg.rf.87d2c195577108c3b2e8dd83f6cfaf92.jpg</path>
	<source>
		<database>roboflow.com</database>
	</source>
	<size>
		<width>640</width>
		<height>640</height>
		<depth>3</depth>
	</size>
	<segmented>0</segmented>
	<object>
		<name>min_value</name>
		<pose>Unspecified</pose>
		<truncated>0</truncated>
		<difficult>0</difficult>
		<occluded>0</occluded>
		<bndbox>
			<xmin>127</xmin>
			<xmax>263</xmax>
			<ymin>451</ymin>
			<ymax>492</ymax>
		</bndbox>
	</object>
	<object>
		<name>max_value</name>
		<pose>Unspecified</pose>
		<truncated>0</truncated>
		<difficult>0</difficult>
		<occluded>0</occluded>
		<bndbox>
			<xmin>413</xmin>
			<xmax>493</xmax>
			<ymin>451</ymin>
			<ymax>503</ymax>
		</bndbox>
	</object>
	<object>
		<name>Needle_base</name>
		<pose>Unspecified</pose>
		<truncated>0</truncated>
		<difficult>0</difficult>
		<occluded>0</occluded>
		<bndbox>
			<xmin>293</xmin>
			<xmax>367</xmax>
			<ymin>318</ymin>
			<ymax>365</ymax>
		</bndbox>
	</object>
	<object>
		<name>Needle_Tip</name>
		<pose>Unspecified</pose>
		<truncated>0</truncated>
		<difficult>0</difficult>
		<occluded>0</occluded>
		<bndbox>
			<xmin>301</xmin>
			<xmax>354</xmax>
			<ymin>166</ymin>
			<ymax>227</ymax>
		</bndbox>
	</object>
</annotation>
