<annotation>
	<folder></folder>
	<filename>001_jpg.rf.9dc97a5d7a1c3cdb0d54d20a9ec15d88.jpg</filename>
	<path>001_jpg.rf.9dc97a5d7a1c3cdb0d54d20a9ec15d88.jpg</path>
	<source>
		<database>roboflow.com</database>
	</source>
	<size>
		<width>640</width>
		<height>640</height>
		<depth>3</depth>
	</size>
	<segmented>0</segmented>
	<object>
		<name>min_value</name>
		<pose>Unspecified</pose>
		<truncated>0</truncated>
		<difficult>0</difficult>
		<occluded>0</occluded>
		<bndbox>
			<xmin>228</xmin>
			<xmax>299</xmax>
			<ymin>393</ymin>
			<ymax>446</ymax>
		</bndbox>
	</object>
	<object>
		<name>Needle_Tip</name>
		<pose>Unspecified</pose>
		<truncated>0</truncated>
		<difficult>0</difficult>
		<occluded>0</occluded>
		<bndbox>
			<xmin>252</xmin>
			<xmax>307</xmax>
			<ymin>363</ymin>
			<ymax>458</ymax>
		</bndbox>
	</object>
	<object>
		<name>Needle_base</name>
		<pose>Unspecified</pose>
		<truncated>0</truncated>
		<difficult>0</difficult>
		<occluded>0</occluded>
		<bndbox>
			<xmin>339</xmin>
			<xmax>385</xmax>
			<ymin>288</ymin>
			<ymax>354</ymax>
		</bndbox>
	</object>
	<object>
		<name>max_value</name>
		<pose>Unspecified</pose>
		<truncated>0</truncated>
		<difficult>0</difficult>
		<occluded>0</occluded>
		<bndbox>
			<xmin>236</xmin>
			<xmax>298</xmax>
			<ymin>179</ymin>
			<ymax>263</ymax>
		</bndbox>
	</object>
</annotation>
