<annotation>
	<folder></folder>
	<filename>013_jpg.rf.214ed3a9e8bb4aea452e67b36f1ae7a7.jpg</filename>
	<path>013_jpg.rf.214ed3a9e8bb4aea452e67b36f1ae7a7.jpg</path>
	<source>
		<database>roboflow.com</database>
	</source>
	<size>
		<width>640</width>
		<height>640</height>
		<depth>3</depth>
	</size>
	<segmented>0</segmented>
	<object>
		<name>min_value</name>
		<pose>Unspecified</pose>
		<truncated>0</truncated>
		<difficult>0</difficult>
		<occluded>0</occluded>
		<bndbox>
			<xmin>80</xmin>
			<xmax>162</xmax>
			<ymin>212</ymin>
			<ymax>317</ymax>
		</bndbox>
	</object>
	<object>
		<name>max_value</name>
		<pose>Unspecified</pose>
		<truncated>0</truncated>
		<difficult>0</difficult>
		<occluded>0</occluded>
		<bndbox>
			<xmin>497</xmin>
			<xmax>565</xmax>
			<ymin>248</ymin>
			<ymax>340</ymax>
		</bndbox>
	</object>
	<object>
		<name>Needle_base</name>
		<pose>Unspecified</pose>
		<truncated>0</truncated>
		<difficult>0</difficult>
		<occluded>0</occluded>
		<bndbox>
			<xmin>260</xmin>
			<xmax>351</xmax>
			<ymin>404</ymin>
			<ymax>510</ymax>
		</bndbox>
	</object>
	<object>
		<name>Needle_Tip</name>
		<pose>Unspecified</pose>
		<truncated>0</truncated>
		<difficult>0</difficult>
		<occluded>0</occluded>
		<bndbox>
			<xmin>281</xmin>
			<xmax>375</xmax>
			<ymin>185</ymin>
			<ymax>270</ymax>
		</bndbox>
	</object>
</annotation>
