<annotation>
	<folder></folder>
	<filename>013_jpg.rf.1af5e309ad1e16be78080b9d4e6dcc1c.jpg</filename>
	<path>013_jpg.rf.1af5e309ad1e16be78080b9d4e6dcc1c.jpg</path>
	<source>
		<database>roboflow.com</database>
	</source>
	<size>
		<width>640</width>
		<height>640</height>
		<depth>3</depth>
	</size>
	<segmented>0</segmented>
	<object>
		<name>min_value</name>
		<pose>Unspecified</pose>
		<truncated>0</truncated>
		<difficult>0</difficult>
		<occluded>0</occluded>
		<bndbox>
			<xmin>212</xmin>
			<xmax>317</xmax>
			<ymin>480</ymin>
			<ymax>562</ymax>
		</bndbox>
	</object>
	<object>
		<name>max_value</name>
		<pose>Unspecified</pose>
		<truncated>0</truncated>
		<difficult>0</difficult>
		<occluded>0</occluded>
		<bndbox>
			<xmin>248</xmin>
			<xmax>340</xmax>
			<ymin>77</ymin>
			<ymax>145</ymax>
		</bndbox>
	</object>
	<object>
		<name>Needle_base</name>
		<pose>Unspecified</pose>
		<truncated>0</truncated>
		<difficult>0</difficult>
		<occluded>0</occluded>
		<bndbox>
			<xmin>404</xmin>
			<xmax>510</xmax>
			<ymin>291</ymin>
			<ymax>382</ymax>
		</bndbox>
	</object>
	<object>
		<name>Needle_Tip</name>
		<pose>Unspecified</pose>
		<truncated>0</truncated>
		<difficult>0</difficult>
		<occluded>0</occluded>
		<bndbox>
			<xmin>185</xmin>
			<xmax>270</xmax>
			<ymin>267</ymin>
			<ymax>361</ymax>
		</bndbox>
	</object>
</annotation>
