<annotation>
	<folder></folder>
	<filename>028_jpg.rf.829fb02e0ffe591395bf5da3cbf10901.jpg</filename>
	<path>028_jpg.rf.829fb02e0ffe591395bf5da3cbf10901.jpg</path>
	<source>
		<database>roboflow.com</database>
	</source>
	<size>
		<width>640</width>
		<height>640</height>
		<depth>3</depth>
	</size>
	<segmented>0</segmented>
	<object>
		<name>Needle_base</name>
		<pose>Unspecified</pose>
		<truncated>0</truncated>
		<difficult>0</difficult>
		<occluded>0</occluded>
		<bndbox>
			<xmin>262</xmin>
			<xmax>390</xmax>
			<ymin>270</ymin>
			<ymax>392</ymax>
		</bndbox>
	</object>
	<object>
		<name>max_value</name>
		<pose>Unspecified</pose>
		<truncated>0</truncated>
		<difficult>0</difficult>
		<occluded>0</occluded>
		<bndbox>
			<xmin>409</xmin>
			<xmax>497</xmax>
			<ymin>405</ymin>
			<ymax>467</ymax>
		</bndbox>
	</object>
	<object>
		<name>Needle_Tip</name>
		<pose>Unspecified</pose>
		<truncated>0</truncated>
		<difficult>0</difficult>
		<occluded>0</occluded>
		<bndbox>
			<xmin>131</xmin>
			<xmax>185</xmax>
			<ymin>458</ymin>
			<ymax>518</ymax>
		</bndbox>
	</object>
	<object>
		<name>min_value</name>
		<pose>Unspecified</pose>
		<truncated>0</truncated>
		<difficult>0</difficult>
		<occluded>0</occluded>
		<bndbox>
			<xmin>164</xmin>
			<xmax>197</xmax>
			<ymin>424</ymin>
			<ymax>459</ymax>
		</bndbox>
	</object>
</annotation>
