<annotation>
	<folder></folder>
	<filename>041_jpg.rf.04c9d8fa374fd663043bb2c8d2ccb812.jpg</filename>
	<path>041_jpg.rf.04c9d8fa374fd663043bb2c8d2ccb812.jpg</path>
	<source>
		<database>roboflow.com</database>
	</source>
	<size>
		<width>640</width>
		<height>640</height>
		<depth>3</depth>
	</size>
	<segmented>0</segmented>
	<object>
		<name>Needle_base</name>
		<pose>Unspecified</pose>
		<truncated>0</truncated>
		<difficult>0</difficult>
		<occluded>0</occluded>
		<bndbox>
			<xmin>255</xmin>
			<xmax>306</xmax>
			<ymin>274</ymin>
			<ymax>332</ymax>
		</bndbox>
	</object>
	<object>
		<name>min_value</name>
		<pose>Unspecified</pose>
		<truncated>0</truncated>
		<difficult>0</difficult>
		<occluded>0</occluded>
		<bndbox>
			<xmin>338</xmin>
			<xmax>382</xmax>
			<ymin>197</ymin>
			<ymax>243</ymax>
		</bndbox>
	</object>
	<object>
		<name>min_value</name>
		<pose>Unspecified</pose>
		<truncated>0</truncated>
		<difficult>0</difficult>
		<occluded>0</occluded>
		<bndbox>
			<xmin>320</xmin>
			<xmax>366</xmax>
			<ymin>204</ymin>
			<ymax>272</ymax>
		</bndbox>
	</object>
	<object>
		<name>max_value</name>
		<pose>Unspecified</pose>
		<truncated>0</truncated>
		<difficult>0</difficult>
		<occluded>0</occluded>
		<bndbox>
			<xmin>323</xmin>
			<xmax>364</xmax>
			<ymin>339</ymin>
			<ymax>398</ymax>
		</bndbox>
	</object>
</annotation>
