<annotation>
	<folder></folder>
	<filename>1-10-00-14HCB02CT001-1_jpg.rf.4577c04aa011eded25090acae33370f0.jpg</filename>
	<path>1-10-00-14HCB02CT001-1_jpg.rf.4577c04aa011eded25090acae33370f0.jpg</path>
	<source>
		<database>roboflow.com</database>
	</source>
	<size>
		<width>640</width>
		<height>640</height>
		<depth>3</depth>
	</size>
	<segmented>0</segmented>
	<object>
		<name>Needle_base</name>
		<pose>Unspecified</pose>
		<truncated>0</truncated>
		<difficult>0</difficult>
		<occluded>0</occluded>
		<bndbox>
			<xmin>274</xmin>
			<xmax>337</xmax>
			<ymin>288</ymin>
			<ymax>350</ymax>
		</bndbox>
	</object>
	<object>
		<name>min_value</name>
		<pose>Unspecified</pose>
		<truncated>0</truncated>
		<difficult>0</difficult>
		<occluded>0</occluded>
		<bndbox>
			<xmin>162</xmin>
			<xmax>219</xmax>
			<ymin>441</ymin>
			<ymax>489</ymax>
		</bndbox>
	</object>
	<object>
		<name>max_value</name>
		<pose>Unspecified</pose>
		<truncated>0</truncated>
		<difficult>0</difficult>
		<occluded>0</occluded>
		<bndbox>
			<xmin>160</xmin>
			<xmax>219</xmax>
			<ymin>139</ymin>
			<ymax>232</ymax>
		</bndbox>
	</object>
	<object>
		<name>Needle_Tip</name>
		<pose>Unspecified</pose>
		<truncated>0</truncated>
		<difficult>0</difficult>
		<occluded>0</occluded>
		<bndbox>
			<xmin>507</xmin>
			<xmax>575</xmax>
			<ymin>364</ymin>
			<ymax>435</ymax>
		</bndbox>
	</object>
</annotation>
