<annotation>
	<folder></folder>
	<filename>1-10-00-14HCB02CT001-1_jpg.rf.7b1fe1b46893ac728a4242aba3e93610.jpg</filename>
	<path>1-10-00-14HCB02CT001-1_jpg.rf.7b1fe1b46893ac728a4242aba3e93610.jpg</path>
	<source>
		<database>roboflow.com</database>
	</source>
	<size>
		<width>640</width>
		<height>640</height>
		<depth>3</depth>
	</size>
	<segmented>0</segmented>
	<object>
		<name>Needle_base</name>
		<pose>Unspecified</pose>
		<truncated>0</truncated>
		<difficult>0</difficult>
		<occluded>0</occluded>
		<bndbox>
			<xmin>292</xmin>
			<xmax>354</xmax>
			<ymin>305</ymin>
			<ymax>368</ymax>
		</bndbox>
	</object>
	<object>
		<name>min_value</name>
		<pose>Unspecified</pose>
		<truncated>0</truncated>
		<difficult>0</difficult>
		<occluded>0</occluded>
		<bndbox>
			<xmin>153</xmin>
			<xmax>201</xmax>
			<ymin>423</ymin>
			<ymax>480</ymax>
		</bndbox>
	</object>
	<object>
		<name>max_value</name>
		<pose>Unspecified</pose>
		<truncated>0</truncated>
		<difficult>0</difficult>
		<occluded>0</occluded>
		<bndbox>
			<xmin>410</xmin>
			<xmax>503</xmax>
			<ymin>423</ymin>
			<ymax>482</ymax>
		</bndbox>
	</object>
	<object>
		<name>Needle_Tip</name>
		<pose>Unspecified</pose>
		<truncated>0</truncated>
		<difficult>0</difficult>
		<occluded>0</occluded>
		<bndbox>
			<xmin>207</xmin>
			<xmax>278</xmax>
			<ymin>67</ymin>
			<ymax>135</ymax>
		</bndbox>
	</object>
</annotation>
