<annotation>
	<folder></folder>
	<filename>122_jpg.rf.2dda6f5fb1bb44e1aa89dda3120398bd.jpg</filename>
	<path>122_jpg.rf.2dda6f5fb1bb44e1aa89dda3120398bd.jpg</path>
	<source>
		<database>roboflow.com</database>
	</source>
	<size>
		<width>640</width>
		<height>640</height>
		<depth>3</depth>
	</size>
	<segmented>0</segmented>
	<object>
		<name>Needle_base</name>
		<pose>Unspecified</pose>
		<truncated>0</truncated>
		<difficult>0</difficult>
		<occluded>0</occluded>
		<bndbox>
			<xmin>260</xmin>
			<xmax>366</xmax>
			<ymin>284</ymin>
			<ymax>362</ymax>
		</bndbox>
	</object>
	<object>
		<name>Needle_Tip</name>
		<pose>Unspecified</pose>
		<truncated>0</truncated>
		<difficult>0</difficult>
		<occluded>0</occluded>
		<bndbox>
			<xmin>329</xmin>
			<xmax>386</xmax>
			<ymin>124</ymin>
			<ymax>172</ymax>
		</bndbox>
	</object>
	<object>
		<name>max_value</name>
		<pose>Unspecified</pose>
		<truncated>0</truncated>
		<difficult>0</difficult>
		<occluded>0</occluded>
		<bndbox>
			<xmin>383</xmin>
			<xmax>457</xmax>
			<ymin>372</ymin>
			<ymax>444</ymax>
		</bndbox>
	</object>
	<object>
		<name>min_value</name>
		<pose>Unspecified</pose>
		<truncated>0</truncated>
		<difficult>0</difficult>
		<occluded>0</occluded>
		<bndbox>
			<xmin>177</xmin>
			<xmax>242</xmax>
			<ymin>386</ymin>
			<ymax>444</ymax>
		</bndbox>
	</object>
</annotation>
