<annotation>
	<folder></folder>
	<filename>146_jpg.rf.a6f0b72f9752faebaf8d42ffd0f7f751.jpg</filename>
	<path>146_jpg.rf.a6f0b72f9752faebaf8d42ffd0f7f751.jpg</path>
	<source>
		<database>roboflow.com</database>
	</source>
	<size>
		<width>640</width>
		<height>640</height>
		<depth>3</depth>
	</size>
	<segmented>0</segmented>
	<object>
		<name>Needle_base</name>
		<pose>Unspecified</pose>
		<truncated>0</truncated>
		<difficult>0</difficult>
		<occluded>0</occluded>
		<bndbox>
			<xmin>271</xmin>
			<xmax>361</xmax>
			<ymin>277</ymin>
			<ymax>368</ymax>
		</bndbox>
	</object>
	<object>
		<name>Needle_Tip</name>
		<pose>Unspecified</pose>
		<truncated>0</truncated>
		<difficult>0</difficult>
		<occluded>0</occluded>
		<bndbox>
			<xmin>434</xmin>
			<xmax>537</xmax>
			<ymin>159</ymin>
			<ymax>212</ymax>
		</bndbox>
	</object>
	<object>
		<name>max_value</name>
		<pose>Unspecified</pose>
		<truncated>0</truncated>
		<difficult>0</difficult>
		<occluded>0</occluded>
		<bndbox>
			<xmin>410</xmin>
			<xmax>473</xmax>
			<ymin>396</ymin>
			<ymax>467</ymax>
		</bndbox>
	</object>
	<object>
		<name>min_value</name>
		<pose>Unspecified</pose>
		<truncated>0</truncated>
		<difficult>0</difficult>
		<occluded>0</occluded>
		<bndbox>
			<xmin>170</xmin>
			<xmax>239</xmax>
			<ymin>402</ymin>
			<ymax>480</ymax>
		</bndbox>
	</object>
</annotation>
