<annotation>
	<folder></folder>
	<filename>150_jpg.rf.e35cdf81ce5743c1a959bda9a9cc7ffe.jpg</filename>
	<path>150_jpg.rf.e35cdf81ce5743c1a959bda9a9cc7ffe.jpg</path>
	<source>
		<database>roboflow.com</database>
	</source>
	<size>
		<width>640</width>
		<height>640</height>
		<depth>3</depth>
	</size>
	<segmented>0</segmented>
	<object>
		<name>max_value</name>
		<pose>Unspecified</pose>
		<truncated>0</truncated>
		<difficult>0</difficult>
		<occluded>0</occluded>
		<bndbox>
			<xmin>193</xmin>
			<xmax>261</xmax>
			<ymin>128</ymin>
			<ymax>229</ymax>
		</bndbox>
	</object>
	<object>
		<name>min_value</name>
		<pose>Unspecified</pose>
		<truncated>0</truncated>
		<difficult>0</difficult>
		<occluded>0</occluded>
		<bndbox>
			<xmin>198</xmin>
			<xmax>261</xmax>
			<ymin>403</ymin>
			<ymax>524</ymax>
		</bndbox>
	</object>
	<object>
		<name>Needle_base</name>
		<pose>Unspecified</pose>
		<truncated>0</truncated>
		<difficult>0</difficult>
		<occluded>0</occluded>
		<bndbox>
			<xmin>266</xmin>
			<xmax>380</xmax>
			<ymin>259</ymin>
			<ymax>382</ymax>
		</bndbox>
	</object>
	<object>
		<name>Needle_Tip</name>
		<pose>Unspecified</pose>
		<truncated>0</truncated>
		<difficult>0</difficult>
		<occluded>0</occluded>
		<bndbox>
			<xmin>215</xmin>
			<xmax>247</xmax>
			<ymin>455</ymin>
			<ymax>503</ymax>
		</bndbox>
	</object>
</annotation>
