<annotation>
	<folder></folder>
	<filename>154_jpg.rf.ddd3c5b739042266e5a5bb437d9a4fa3.jpg</filename>
	<path>154_jpg.rf.ddd3c5b739042266e5a5bb437d9a4fa3.jpg</path>
	<source>
		<database>roboflow.com</database>
	</source>
	<size>
		<width>640</width>
		<height>640</height>
		<depth>3</depth>
	</size>
	<segmented>0</segmented>
	<object>
		<name>Needle_Tip</name>
		<pose>Unspecified</pose>
		<truncated>0</truncated>
		<difficult>0</difficult>
		<occluded>0</occluded>
		<bndbox>
			<xmin>285</xmin>
			<xmax>336</xmax>
			<ymin>396</ymin>
			<ymax>448</ymax>
		</bndbox>
	</object>
	<object>
		<name>min_value</name>
		<pose>Unspecified</pose>
		<truncated>0</truncated>
		<difficult>0</difficult>
		<occluded>0</occluded>
		<bndbox>
			<xmin>288</xmin>
			<xmax>327</xmax>
			<ymin>393</ymin>
			<ymax>432</ymax>
		</bndbox>
	</object>
	<object>
		<name>Needle_base</name>
		<pose>Unspecified</pose>
		<truncated>0</truncated>
		<difficult>0</difficult>
		<occluded>0</occluded>
		<bndbox>
			<xmin>284</xmin>
			<xmax>335</xmax>
			<ymin>285</ymin>
			<ymax>336</ymax>
		</bndbox>
	</object>
	<object>
		<name>max_value</name>
		<pose>Unspecified</pose>
		<truncated>0</truncated>
		<difficult>0</difficult>
		<occluded>0</occluded>
		<bndbox>
			<xmin>382</xmin>
			<xmax>438</xmax>
			<ymin>293</ymin>
			<ymax>326</ymax>
		</bndbox>
	</object>
</annotation>
