<annotation>
	<folder></folder>
	<filename>162_jpg.rf.59c82de08ad3f356d7b5b8fecf10c4d5.jpg</filename>
	<path>162_jpg.rf.59c82de08ad3f356d7b5b8fecf10c4d5.jpg</path>
	<source>
		<database>roboflow.com</database>
	</source>
	<size>
		<width>640</width>
		<height>640</height>
		<depth>3</depth>
	</size>
	<segmented>0</segmented>
	<object>
		<name>Needle_Tip</name>
		<pose>Unspecified</pose>
		<truncated>0</truncated>
		<difficult>0</difficult>
		<occluded>0</occluded>
		<bndbox>
			<xmin>265</xmin>
			<xmax>298</xmax>
			<ymin>369</ymin>
			<ymax>399</ymax>
		</bndbox>
	</object>
	<object>
		<name>min_value</name>
		<pose>Unspecified</pose>
		<truncated>0</truncated>
		<difficult>0</difficult>
		<occluded>0</occluded>
		<bndbox>
			<xmin>266</xmin>
			<xmax>301</xmax>
			<ymin>315</ymin>
			<ymax>346</ymax>
		</bndbox>
	</object>
	<object>
		<name>max_value</name>
		<pose>Unspecified</pose>
		<truncated>0</truncated>
		<difficult>0</difficult>
		<occluded>0</occluded>
		<bndbox>
			<xmin>357</xmin>
			<xmax>391</xmax>
			<ymin>215</ymin>
			<ymax>272</ymax>
		</bndbox>
	</object>
	<object>
		<name>Needle_base</name>
		<pose>Unspecified</pose>
		<truncated>0</truncated>
		<difficult>0</difficult>
		<occluded>0</occluded>
		<bndbox>
			<xmin>359</xmin>
			<xmax>402</xmax>
			<ymin>293</ymin>
			<ymax>370</ymax>
		</bndbox>
	</object>
</annotation>
