<annotation>
	<folder></folder>
	<filename>170_jpg.rf.32f33d77420d947aa012682bad52715d.jpg</filename>
	<path>170_jpg.rf.32f33d77420d947aa012682bad52715d.jpg</path>
	<source>
		<database>roboflow.com</database>
	</source>
	<size>
		<width>640</width>
		<height>640</height>
		<depth>3</depth>
	</size>
	<segmented>0</segmented>
	<object>
		<name>Needle_base</name>
		<pose>Unspecified</pose>
		<truncated>0</truncated>
		<difficult>0</difficult>
		<occluded>0</occluded>
		<bndbox>
			<xmin>296</xmin>
			<xmax>368</xmax>
			<ymin>284</ymin>
			<ymax>327</ymax>
		</bndbox>
	</object>
	<object>
		<name>max_value</name>
		<pose>Unspecified</pose>
		<truncated>0</truncated>
		<difficult>0</difficult>
		<occluded>0</occluded>
		<bndbox>
			<xmin>373</xmin>
			<xmax>412</xmax>
			<ymin>193</ymin>
			<ymax>238</ymax>
		</bndbox>
	</object>
	<object>
		<name>min_value</name>
		<pose>Unspecified</pose>
		<truncated>0</truncated>
		<difficult>0</difficult>
		<occluded>0</occluded>
		<bndbox>
			<xmin>355</xmin>
			<xmax>409</xmax>
			<ymin>373</ymin>
			<ymax>420</ymax>
		</bndbox>
	</object>
	<object>
		<name>Needle_Tip</name>
		<pose>Unspecified</pose>
		<truncated>0</truncated>
		<difficult>0</difficult>
		<occluded>0</occluded>
		<bndbox>
			<xmin>208</xmin>
			<xmax>261</xmax>
			<ymin>239</ymin>
			<ymax>278</ymax>
		</bndbox>
	</object>
</annotation>
