<annotation>
	<folder></folder>
	<filename>2-15-00-14HTD22CP501-2_jpg.rf.7900e8c39c2765aa6d9ce33710e44644.jpg</filename>
	<path>2-15-00-14HTD22CP501-2_jpg.rf.7900e8c39c2765aa6d9ce33710e44644.jpg</path>
	<source>
		<database>roboflow.com</database>
	</source>
	<size>
		<width>640</width>
		<height>640</height>
		<depth>3</depth>
	</size>
	<segmented>0</segmented>
	<object>
		<name>Needle_base</name>
		<pose>Unspecified</pose>
		<truncated>0</truncated>
		<difficult>0</difficult>
		<occluded>0</occluded>
		<bndbox>
			<xmin>301</xmin>
			<xmax>363</xmax>
			<ymin>301</ymin>
			<ymax>365</ymax>
		</bndbox>
	</object>
	<object>
		<name>min_value</name>
		<pose>Unspecified</pose>
		<truncated>0</truncated>
		<difficult>0</difficult>
		<occluded>0</occluded>
		<bndbox>
			<xmin>158</xmin>
			<xmax>233</xmax>
			<ymin>422</ymin>
			<ymax>492</ymax>
		</bndbox>
	</object>
	<object>
		<name>max_value</name>
		<pose>Unspecified</pose>
		<truncated>0</truncated>
		<difficult>0</difficult>
		<occluded>0</occluded>
		<bndbox>
			<xmin>410</xmin>
			<xmax>503</xmax>
			<ymin>424</ymin>
			<ymax>483</ymax>
		</bndbox>
	</object>
	<object>
		<name>Needle_Tip</name>
		<pose>Unspecified</pose>
		<truncated>0</truncated>
		<difficult>0</difficult>
		<occluded>0</occluded>
		<bndbox>
			<xmin>361</xmin>
			<xmax>432</xmax>
			<ymin>75</ymin>
			<ymax>142</ymax>
		</bndbox>
	</object>
</annotation>
