<annotation>
	<folder></folder>
	<filename>2-15-00-14HTD22CP501-2_jpg.rf.1cfb783811478bac85e6b35058607884.jpg</filename>
	<path>2-15-00-14HTD22CP501-2_jpg.rf.1cfb783811478bac85e6b35058607884.jpg</path>
	<source>
		<database>roboflow.com</database>
	</source>
	<size>
		<width>640</width>
		<height>640</height>
		<depth>3</depth>
	</size>
	<segmented>0</segmented>
	<object>
		<name>Needle_base</name>
		<pose>Unspecified</pose>
		<truncated>0</truncated>
		<difficult>0</difficult>
		<occluded>0</occluded>
		<bndbox>
			<xmin>279</xmin>
			<xmax>341</xmax>
			<ymin>277</ymin>
			<ymax>341</ymax>
		</bndbox>
	</object>
	<object>
		<name>min_value</name>
		<pose>Unspecified</pose>
		<truncated>0</truncated>
		<difficult>0</difficult>
		<occluded>0</occluded>
		<bndbox>
			<xmin>409</xmin>
			<xmax>484</xmax>
			<ymin>150</ymin>
			<ymax>220</ymax>
		</bndbox>
	</object>
	<object>
		<name>max_value</name>
		<pose>Unspecified</pose>
		<truncated>0</truncated>
		<difficult>0</difficult>
		<occluded>0</occluded>
		<bndbox>
			<xmin>139</xmin>
			<xmax>232</xmax>
			<ymin>159</ymin>
			<ymax>218</ymax>
		</bndbox>
	</object>
	<object>
		<name>Needle_Tip</name>
		<pose>Unspecified</pose>
		<truncated>0</truncated>
		<difficult>0</difficult>
		<occluded>0</occluded>
		<bndbox>
			<xmin>210</xmin>
			<xmax>281</xmax>
			<ymin>500</ymin>
			<ymax>567</ymax>
		</bndbox>
	</object>
</annotation>
