<annotation>
	<folder></folder>
	<filename>3-14HCB03CT501_2_17-00_jpg.rf.2fd18bf0c6369db80637f464de5a14e8.jpg</filename>
	<path>3-14HCB03CT501_2_17-00_jpg.rf.2fd18bf0c6369db80637f464de5a14e8.jpg</path>
	<source>
		<database>roboflow.com</database>
	</source>
	<size>
		<width>640</width>
		<height>640</height>
		<depth>3</depth>
	</size>
	<segmented>0</segmented>
	<object>
		<name>Needle_base</name>
		<pose>Unspecified</pose>
		<truncated>0</truncated>
		<difficult>0</difficult>
		<occluded>0</occluded>
		<bndbox>
			<xmin>295</xmin>
			<xmax>357</xmax>
			<ymin>293</ymin>
			<ymax>356</ymax>
		</bndbox>
	</object>
	<object>
		<name>min_value</name>
		<pose>Unspecified</pose>
		<truncated>0</truncated>
		<difficult>0</difficult>
		<occluded>0</occluded>
		<bndbox>
			<xmin>436</xmin>
			<xmax>511</xmax>
			<ymin>169</ymin>
			<ymax>239</ymax>
		</bndbox>
	</object>
	<object>
		<name>max_value</name>
		<pose>Unspecified</pose>
		<truncated>0</truncated>
		<difficult>0</difficult>
		<occluded>0</occluded>
		<bndbox>
			<xmin>145</xmin>
			<xmax>237</xmax>
			<ymin>174</ymin>
			<ymax>233</ymax>
		</bndbox>
	</object>
	<object>
		<name>Needle_Tip</name>
		<pose>Unspecified</pose>
		<truncated>0</truncated>
		<difficult>0</difficult>
		<occluded>0</occluded>
		<bndbox>
			<xmin>469</xmin>
			<xmax>540</xmax>
			<ymin>456</ymin>
			<ymax>524</ymax>
		</bndbox>
	</object>
</annotation>
