<annotation>
	<folder></folder>
	<filename>3-14HCB03CT501_2_17-00_jpg.rf.1640ac0220075893a782fa3353c75fdd.jpg</filename>
	<path>3-14HCB03CT501_2_17-00_jpg.rf.1640ac0220075893a782fa3353c75fdd.jpg</path>
	<source>
		<database>roboflow.com</database>
	</source>
	<size>
		<width>640</width>
		<height>640</height>
		<depth>3</depth>
	</size>
	<segmented>0</segmented>
	<object>
		<name>Needle_base</name>
		<pose>Unspecified</pose>
		<truncated>0</truncated>
		<difficult>0</difficult>
		<occluded>0</occluded>
		<bndbox>
			<xmin>285</xmin>
			<xmax>347</xmax>
			<ymin>286</ymin>
			<ymax>349</ymax>
		</bndbox>
	</object>
	<object>
		<name>min_value</name>
		<pose>Unspecified</pose>
		<truncated>0</truncated>
		<difficult>0</difficult>
		<occluded>0</occluded>
		<bndbox>
			<xmin>131</xmin>
			<xmax>206</xmax>
			<ymin>403</ymin>
			<ymax>473</ymax>
		</bndbox>
	</object>
	<object>
		<name>max_value</name>
		<pose>Unspecified</pose>
		<truncated>0</truncated>
		<difficult>0</difficult>
		<occluded>0</occluded>
		<bndbox>
			<xmin>405</xmin>
			<xmax>497</xmax>
			<ymin>409</ymin>
			<ymax>468</ymax>
		</bndbox>
	</object>
	<object>
		<name>Needle_Tip</name>
		<pose>Unspecified</pose>
		<truncated>0</truncated>
		<difficult>0</difficult>
		<occluded>0</occluded>
		<bndbox>
			<xmin>102</xmin>
			<xmax>173</xmax>
			<ymin>118</ymin>
			<ymax>186</ymax>
		</bndbox>
	</object>
</annotation>
