<annotation>
	<folder></folder>
	<filename>3-14HCB03CT501_2_17-00_jpg.rf.4255a252f5ce6bde1522e50a62cf436c.jpg</filename>
	<path>3-14HCB03CT501_2_17-00_jpg.rf.4255a252f5ce6bde1522e50a62cf436c.jpg</path>
	<source>
		<database>roboflow.com</database>
	</source>
	<size>
		<width>640</width>
		<height>640</height>
		<depth>3</depth>
	</size>
	<segmented>0</segmented>
	<object>
		<name>Needle_base</name>
		<pose>Unspecified</pose>
		<truncated>0</truncated>
		<difficult>0</difficult>
		<occluded>0</occluded>
		<bndbox>
			<xmin>286</xmin>
			<xmax>349</xmax>
			<ymin>295</ymin>
			<ymax>357</ymax>
		</bndbox>
	</object>
	<object>
		<name>min_value</name>
		<pose>Unspecified</pose>
		<truncated>0</truncated>
		<difficult>0</difficult>
		<occluded>0</occluded>
		<bndbox>
			<xmin>403</xmin>
			<xmax>473</xmax>
			<ymin>436</ymin>
			<ymax>511</ymax>
		</bndbox>
	</object>
	<object>
		<name>max_value</name>
		<pose>Unspecified</pose>
		<truncated>0</truncated>
		<difficult>0</difficult>
		<occluded>0</occluded>
		<bndbox>
			<xmin>409</xmin>
			<xmax>468</xmax>
			<ymin>145</ymin>
			<ymax>237</ymax>
		</bndbox>
	</object>
	<object>
		<name>Needle_Tip</name>
		<pose>Unspecified</pose>
		<truncated>0</truncated>
		<difficult>0</difficult>
		<occluded>0</occluded>
		<bndbox>
			<xmin>118</xmin>
			<xmax>186</xmax>
			<ymin>469</ymin>
			<ymax>540</ymax>
		</bndbox>
	</object>
</annotation>
