<annotation>
	<folder></folder>
	<filename>6-09-00-14HTM31CP502-2_jpg.rf.e67abba58088b3d0b4601bd2348d3c58.jpg</filename>
	<path>6-09-00-14HTM31CP502-2_jpg.rf.e67abba58088b3d0b4601bd2348d3c58.jpg</path>
	<source>
		<database>roboflow.com</database>
	</source>
	<size>
		<width>640</width>
		<height>640</height>
		<depth>3</depth>
	</size>
	<segmented>0</segmented>
	<object>
		<name>Needle_base</name>
		<pose>Unspecified</pose>
		<truncated>0</truncated>
		<difficult>0</difficult>
		<occluded>0</occluded>
		<bndbox>
			<xmin>283</xmin>
			<xmax>346</xmax>
			<ymin>288</ymin>
			<ymax>350</ymax>
		</bndbox>
	</object>
	<object>
		<name>min_value</name>
		<pose>Unspecified</pose>
		<truncated>0</truncated>
		<difficult>0</difficult>
		<occluded>0</occluded>
		<bndbox>
			<xmin>399</xmin>
			<xmax>469</xmax>
			<ymin>142</ymin>
			<ymax>216</ymax>
		</bndbox>
	</object>
	<object>
		<name>max_value</name>
		<pose>Unspecified</pose>
		<truncated>0</truncated>
		<difficult>0</difficult>
		<occluded>0</occluded>
		<bndbox>
			<xmin>404</xmin>
			<xmax>463</xmax>
			<ymin>403</ymin>
			<ymax>495</ymax>
		</bndbox>
	</object>
	<object>
		<name>Needle_Tip</name>
		<pose>Unspecified</pose>
		<truncated>0</truncated>
		<difficult>0</difficult>
		<occluded>0</occluded>
		<bndbox>
			<xmin>40</xmin>
			<xmax>107</xmax>
			<ymin>266</ymin>
			<ymax>337</ymax>
		</bndbox>
	</object>
</annotation>
