<annotation>
	<folder></folder>
	<filename>6-09-00-14HTM31CP502-2_jpg.rf.0d1ed57084372ec1ad2cde9ec6e3e672.jpg</filename>
	<path>6-09-00-14HTM31CP502-2_jpg.rf.0d1ed57084372ec1ad2cde9ec6e3e672.jpg</path>
	<source>
		<database>roboflow.com</database>
	</source>
	<size>
		<width>640</width>
		<height>640</height>
		<depth>3</depth>
	</size>
	<segmented>0</segmented>
	<object>
		<name>Needle_base</name>
		<pose>Unspecified</pose>
		<truncated>0</truncated>
		<difficult>0</difficult>
		<occluded>0</occluded>
		<bndbox>
			<xmin>288</xmin>
			<xmax>350</xmax>
			<ymin>283</ymin>
			<ymax>346</ymax>
		</bndbox>
	</object>
	<object>
		<name>min_value</name>
		<pose>Unspecified</pose>
		<truncated>0</truncated>
		<difficult>0</difficult>
		<occluded>0</occluded>
		<bndbox>
			<xmin>142</xmin>
			<xmax>216</xmax>
			<ymin>399</ymin>
			<ymax>469</ymax>
		</bndbox>
	</object>
	<object>
		<name>max_value</name>
		<pose>Unspecified</pose>
		<truncated>0</truncated>
		<difficult>0</difficult>
		<occluded>0</occluded>
		<bndbox>
			<xmin>403</xmin>
			<xmax>495</xmax>
			<ymin>404</ymin>
			<ymax>463</ymax>
		</bndbox>
	</object>
	<object>
		<name>Needle_Tip</name>
		<pose>Unspecified</pose>
		<truncated>0</truncated>
		<difficult>0</difficult>
		<occluded>0</occluded>
		<bndbox>
			<xmin>266</xmin>
			<xmax>337</xmax>
			<ymin>40</ymin>
			<ymax>107</ymax>
		</bndbox>
	</object>
</annotation>
