<annotation>
	<folder></folder>
	<filename>synthetic_gauge_78_png_jpg.rf.5198d1539b9a4d459fce7fec7314660a.jpg</filename>
	<path>synthetic_gauge_78_png_jpg.rf.5198d1539b9a4d459fce7fec7314660a.jpg</path>
	<source>
		<database>roboflow.com</database>
	</source>
	<size>
		<width>640</width>
		<height>640</height>
		<depth>3</depth>
	</size>
	<segmented>0</segmented>
	<object>
		<name>Needle_base</name>
		<pose>Unspecified</pose>
		<truncated>0</truncated>
		<difficult>0</difficult>
		<occluded>0</occluded>
		<bndbox>
			<xmin>285</xmin>
			<xmax>358</xmax>
			<ymin>299</ymin>
			<ymax>361</ymax>
		</bndbox>
	</object>
	<object>
		<name>Needle_Tip</name>
		<pose>Unspecified</pose>
		<truncated>0</truncated>
		<difficult>0</difficult>
		<occluded>0</occluded>
		<bndbox>
			<xmin>159</xmin>
			<xmax>201</xmax>
			<ymin>172</ymin>
			<ymax>218</ymax>
		</bndbox>
	</object>
</annotation>
