<annotation>
	<folder></folder>
	<filename>synthetic_gauge_77_png_jpg.rf.1b4fa391977227242f3f27323365cc2c.jpg</filename>
	<path>synthetic_gauge_77_png_jpg.rf.1b4fa391977227242f3f27323365cc2c.jpg</path>
	<source>
		<database>roboflow.com</database>
	</source>
	<size>
		<width>640</width>
		<height>640</height>
		<depth>3</depth>
	</size>
	<segmented>0</segmented>
	<object>
		<name>Needle_base</name>
		<pose>Unspecified</pose>
		<truncated>0</truncated>
		<difficult>0</difficult>
		<occluded>0</occluded>
		<bndbox>
			<xmin>296</xmin>
			<xmax>357</xmax>
			<ymin>296</ymin>
			<ymax>361</ymax>
		</bndbox>
	</object>
	<object>
		<name>Needle_Tip</name>
		<pose>Unspecified</pose>
		<truncated>0</truncated>
		<difficult>0</difficult>
		<occluded>0</occluded>
		<bndbox>
			<xmin>241</xmin>
			<xmax>303</xmax>
			<ymin>109</ymin>
			<ymax>175</ymax>
		</bndbox>
	</object>
</annotation>
