<annotation>
	<folder></folder>
	<filename>synthetic_gauge_86_png_jpg.rf.fe6b6cc70cdd935a775cd0504fd546cf.jpg</filename>
	<path>synthetic_gauge_86_png_jpg.rf.fe6b6cc70cdd935a775cd0504fd546cf.jpg</path>
	<source>
		<database>roboflow.com</database>
	</source>
	<size>
		<width>640</width>
		<height>640</height>
		<depth>3</depth>
	</size>
	<segmented>0</segmented>
	<object>
		<name>Needle_base</name>
		<pose>Unspecified</pose>
		<truncated>0</truncated>
		<difficult>0</difficult>
		<occluded>0</occluded>
		<bndbox>
			<xmin>284</xmin>
			<xmax>357</xmax>
			<ymin>299</ymin>
			<ymax>361</ymax>
		</bndbox>
	</object>
	<object>
		<name>Needle_Tip</name>
		<pose>Unspecified</pose>
		<truncated>0</truncated>
		<difficult>0</difficult>
		<occluded>0</occluded>
		<bndbox>
			<xmin>459</xmin>
			<xmax>500</xmax>
			<ymin>393</ymin>
			<ymax>439</ymax>
		</bndbox>
	</object>
</annotation>
