<annotation>
	<folder></folder>
	<filename>synthetic_gauge_41_png_jpg.rf.71011167320c89cb8c31d5152b941520.jpg</filename>
	<path>synthetic_gauge_41_png_jpg.rf.71011167320c89cb8c31d5152b941520.jpg</path>
	<source>
		<database>roboflow.com</database>
	</source>
	<size>
		<width>640</width>
		<height>640</height>
		<depth>3</depth>
	</size>
	<segmented>0</segmented>
	<object>
		<name>Needle_base</name>
		<pose>Unspecified</pose>
		<truncated>0</truncated>
		<difficult>0</difficult>
		<occluded>0</occluded>
		<bndbox>
			<xmin>299</xmin>
			<xmax>361</xmax>
			<ymin>284</ymin>
			<ymax>357</ymax>
		</bndbox>
	</object>
	<object>
		<name>Needle_Tip</name>
		<pose>Unspecified</pose>
		<truncated>0</truncated>
		<difficult>0</difficult>
		<occluded>0</occluded>
		<bndbox>
			<xmin>117</xmin>
			<xmax>164</xmax>
			<ymin>356</ymin>
			<ymax>397</ymax>
		</bndbox>
	</object>
</annotation>
