<annotation>
	<folder></folder>
	<filename>synthetic_gauge_44_png_jpg.rf.b1415ac7fe74d2d692b2620e2d767c6b.jpg</filename>
	<path>synthetic_gauge_44_png_jpg.rf.b1415ac7fe74d2d692b2620e2d767c6b.jpg</path>
	<source>
		<database>roboflow.com</database>
	</source>
	<size>
		<width>640</width>
		<height>640</height>
		<depth>3</depth>
	</size>
	<segmented>0</segmented>
	<object>
		<name>Needle_Tip</name>
		<pose>Unspecified</pose>
		<truncated>0</truncated>
		<difficult>0</difficult>
		<occluded>0</occluded>
		<bndbox>
			<xmin>431</xmin>
			<xmax>495</xmax>
			<ymin>178</ymin>
			<ymax>234</ymax>
		</bndbox>
	</object>
	<object>
		<name>Needle_base</name>
		<pose>Unspecified</pose>
		<truncated>0</truncated>
		<difficult>0</difficult>
		<occluded>0</occluded>
		<bndbox>
			<xmin>304</xmin>
			<xmax>344</xmax>
			<ymin>288</ymin>
			<ymax>350</ymax>
		</bndbox>
	</object>
</annotation>
