<annotation>
	<folder></folder>
	<filename>synthetic_gauge_15_png_jpg.rf.edbbb57ec33d2056aa1313ae9bff461e.jpg</filename>
	<path>synthetic_gauge_15_png_jpg.rf.edbbb57ec33d2056aa1313ae9bff461e.jpg</path>
	<source>
		<database>roboflow.com</database>
	</source>
	<size>
		<width>640</width>
		<height>640</height>
		<depth>3</depth>
	</size>
	<segmented>0</segmented>
	<object>
		<name>Needle_base</name>
		<pose>Unspecified</pose>
		<truncated>0</truncated>
		<difficult>0</difficult>
		<occluded>0</occluded>
		<bndbox>
			<xmin>299</xmin>
			<xmax>361</xmax>
			<ymin>284</ymin>
			<ymax>357</ymax>
		</bndbox>
	</object>
	<object>
		<name>Needle_Tip</name>
		<pose>Unspecified</pose>
		<truncated>0</truncated>
		<difficult>0</difficult>
		<occluded>0</occluded>
		<bndbox>
			<xmin>122</xmin>
			<xmax>169</xmax>
			<ymin>361</ymin>
			<ymax>402</ymax>
		</bndbox>
	</object>
</annotation>
