<annotation>
	<folder></folder>
	<filename>synthetic_gauge_1_png_jpg.rf.2ae929de60e4c06848fd108983bc3bc8.jpg</filename>
	<path>synthetic_gauge_1_png_jpg.rf.2ae929de60e4c06848fd108983bc3bc8.jpg</path>
	<source>
		<database>roboflow.com</database>
	</source>
	<size>
		<width>640</width>
		<height>640</height>
		<depth>3</depth>
	</size>
	<segmented>0</segmented>
	<object>
		<name>Needle_base</name>
		<pose>Unspecified</pose>
		<truncated>0</truncated>
		<difficult>0</difficult>
		<occluded>0</occluded>
		<bndbox>
			<xmin>292</xmin>
			<xmax>342</xmax>
			<ymin>296</ymin>
			<ymax>352</ymax>
		</bndbox>
	</object>
	<object>
		<name>Needle_Tip</name>
		<pose>Unspecified</pose>
		<truncated>0</truncated>
		<difficult>0</difficult>
		<occluded>0</occluded>
		<bndbox>
			<xmin>225</xmin>
			<xmax>283</xmax>
			<ymin>474</ymin>
			<ymax>524</ymax>
		</bndbox>
	</object>
</annotation>
