<annotation>
	<folder></folder>
	<filename>synthetic_gauge_72_png_jpg.rf.1c6e95b95d4c1ec93fab9c7ca52aaca5.jpg</filename>
	<path>synthetic_gauge_72_png_jpg.rf.1c6e95b95d4c1ec93fab9c7ca52aaca5.jpg</path>
	<source>
		<database>roboflow.com</database>
	</source>
	<size>
		<width>640</width>
		<height>640</height>
		<depth>3</depth>
	</size>
	<segmented>0</segmented>
	<object>
		<name>Needle_base</name>
		<pose>Unspecified</pose>
		<truncated>0</truncated>
		<difficult>0</difficult>
		<occluded>0</occluded>
		<bndbox>
			<xmin>287</xmin>
			<xmax>348</xmax>
			<ymin>285</ymin>
			<ymax>354</ymax>
		</bndbox>
	</object>
	<object>
		<name>Needle_Tip</name>
		<pose>Unspecified</pose>
		<truncated>0</truncated>
		<difficult>0</difficult>
		<occluded>0</occluded>
		<bndbox>
			<xmin>359</xmin>
			<xmax>432</xmax>
			<ymin>105</ymin>
			<ymax>199</ymax>
		</bndbox>
	</object>
</annotation>
