<annotation>
	<folder></folder>
	<filename>synthetic_gauge_66_png_jpg.rf.3274333b3f577fb5139c8e04180edbe3.jpg</filename>
	<path>synthetic_gauge_66_png_jpg.rf.3274333b3f577fb5139c8e04180edbe3.jpg</path>
	<source>
		<database>roboflow.com</database>
	</source>
	<size>
		<width>640</width>
		<height>640</height>
		<depth>3</depth>
	</size>
	<segmented>0</segmented>
	<object>
		<name>Needle_base</name>
		<pose>Unspecified</pose>
		<truncated>0</truncated>
		<difficult>0</difficult>
		<occluded>0</occluded>
		<bndbox>
			<xmin>285</xmin>
			<xmax>358</xmax>
			<ymin>299</ymin>
			<ymax>361</ymax>
		</bndbox>
	</object>
	<object>
		<name>Needle_Tip</name>
		<pose>Unspecified</pose>
		<truncated>0</truncated>
		<difficult>0</difficult>
		<occluded>0</occluded>
		<bndbox>
			<xmin>168</xmin>
			<xmax>209</xmax>
			<ymin>162</ymin>
			<ymax>208</ymax>
		</bndbox>
	</object>
</annotation>
