<annotation>
	<folder></folder>
	<filename>synthetic_gauge_72_png_jpg.rf.d336568fbfd0e61164e3ba971fb432bb.jpg</filename>
	<path>synthetic_gauge_72_png_jpg.rf.d336568fbfd0e61164e3ba971fb432bb.jpg</path>
	<source>
		<database>roboflow.com</database>
	</source>
	<size>
		<width>640</width>
		<height>640</height>
		<depth>3</depth>
	</size>
	<segmented>0</segmented>
	<object>
		<name>Needle_base</name>
		<pose>Unspecified</pose>
		<truncated>0</truncated>
		<difficult>0</difficult>
		<occluded>0</occluded>
		<bndbox>
			<xmin>294</xmin>
			<xmax>355</xmax>
			<ymin>288</ymin>
			<ymax>357</ymax>
		</bndbox>
	</object>
	<object>
		<name>Needle_Tip</name>
		<pose>Unspecified</pose>
		<truncated>0</truncated>
		<difficult>0</difficult>
		<occluded>0</occluded>
		<bndbox>
			<xmin>210</xmin>
			<xmax>283</xmax>
			<ymin>443</ymin>
			<ymax>537</ymax>
		</bndbox>
	</object>
</annotation>
