<annotation>
	<folder></folder>
	<filename>synthetic_gauge_75_png_jpg.rf.fffd0e99d280047195d1f42cb8fa81be.jpg</filename>
	<path>synthetic_gauge_75_png_jpg.rf.fffd0e99d280047195d1f42cb8fa81be.jpg</path>
	<source>
		<database>roboflow.com</database>
	</source>
	<size>
		<width>640</width>
		<height>640</height>
		<depth>3</depth>
	</size>
	<segmented>0</segmented>
	<object>
		<name>Needle_base</name>
		<pose>Unspecified</pose>
		<truncated>0</truncated>
		<difficult>0</difficult>
		<occluded>0</occluded>
		<bndbox>
			<xmin>286</xmin>
			<xmax>348</xmax>
			<ymin>295</ymin>
			<ymax>353</ymax>
		</bndbox>
	</object>
	<object>
		<name>Needle_Tip</name>
		<pose>Unspecified</pose>
		<truncated>0</truncated>
		<difficult>0</difficult>
		<occluded>0</occluded>
		<bndbox>
			<xmin>462</xmin>
			<xmax>516</xmax>
			<ymin>213</ymin>
			<ymax>286</ymax>
		</bndbox>
	</object>
</annotation>
