<annotation>
	<folder></folder>
	<filename>synthetic_gauge_90_png_jpg.rf.ee920f58c10db01601f0d0f85ea377f4.jpg</filename>
	<path>synthetic_gauge_90_png_jpg.rf.ee920f58c10db01601f0d0f85ea377f4.jpg</path>
	<source>
		<database>roboflow.com</database>
	</source>
	<size>
		<width>640</width>
		<height>640</height>
		<depth>3</depth>
	</size>
	<segmented>0</segmented>
	<object>
		<name>Needle_base</name>
		<pose>Unspecified</pose>
		<truncated>0</truncated>
		<difficult>0</difficult>
		<occluded>0</occluded>
		<bndbox>
			<xmin>285</xmin>
			<xmax>358</xmax>
			<ymin>299</ymin>
			<ymax>361</ymax>
		</bndbox>
	</object>
	<object>
		<name>Needle_Tip</name>
		<pose>Unspecified</pose>
		<truncated>0</truncated>
		<difficult>0</difficult>
		<occluded>0</occluded>
		<bndbox>
			<xmin>414</xmin>
			<xmax>456</xmax>
			<ymin>448</ymin>
			<ymax>495</ymax>
		</bndbox>
	</object>
</annotation>
