<annotation>
	<folder></folder>
	<filename>synthetic_gauge_63_png_jpg.rf.8a29c320901c62f06c92f573dc647ebe.jpg</filename>
	<path>synthetic_gauge_63_png_jpg.rf.8a29c320901c62f06c92f573dc647ebe.jpg</path>
	<source>
		<database>roboflow.com</database>
	</source>
	<size>
		<width>640</width>
		<height>640</height>
		<depth>3</depth>
	</size>
	<segmented>0</segmented>
	<object>
		<name>Needle_Tip</name>
		<pose>Unspecified</pose>
		<truncated>0</truncated>
		<difficult>0</difficult>
		<occluded>0</occluded>
		<bndbox>
			<xmin>337</xmin>
			<xmax>406</xmax>
			<ymin>119</ymin>
			<ymax>175</ymax>
		</bndbox>
	</object>
	<object>
		<name>Needle_base</name>
		<pose>Unspecified</pose>
		<truncated>0</truncated>
		<difficult>0</difficult>
		<occluded>0</occluded>
		<bndbox>
			<xmin>299</xmin>
			<xmax>347</xmax>
			<ymin>247</ymin>
			<ymax>393</ymax>
		</bndbox>
	</object>
</annotation>
