<annotation>
	<folder></folder>
	<filename>synthetic_gauge_39_png_jpg.rf.eea6b2ad9b256c570ef039234936fa8a.jpg</filename>
	<path>synthetic_gauge_39_png_jpg.rf.eea6b2ad9b256c570ef039234936fa8a.jpg</path>
	<source>
		<database>roboflow.com</database>
	</source>
	<size>
		<width>640</width>
		<height>640</height>
		<depth>3</depth>
	</size>
	<segmented>0</segmented>
	<object>
		<name>Needle_base</name>
		<pose>Unspecified</pose>
		<truncated>0</truncated>
		<difficult>0</difficult>
		<occluded>0</occluded>
		<bndbox>
			<xmin>304</xmin>
			<xmax>334</xmax>
			<ymin>295</ymin>
			<ymax>353</ymax>
		</bndbox>
	</object>
	<object>
		<name>Needle_Tip</name>
		<pose>Unspecified</pose>
		<truncated>0</truncated>
		<difficult>0</difficult>
		<occluded>0</occluded>
		<bndbox>
			<xmin>424</xmin>
			<xmax>517</xmax>
			<ymin>384</ymin>
			<ymax>429</ymax>
		</bndbox>
	</object>
</annotation>
