<annotation>
	<folder></folder>
	<filename>synthetic_gauge_71_png_jpg.rf.c5a469e452f025e640e25762e83517f4.jpg</filename>
	<path>synthetic_gauge_71_png_jpg.rf.c5a469e452f025e640e25762e83517f4.jpg</path>
	<source>
		<database>roboflow.com</database>
	</source>
	<size>
		<width>640</width>
		<height>640</height>
		<depth>3</depth>
	</size>
	<segmented>0</segmented>
	<object>
		<name>Needle_base</name>
		<pose>Unspecified</pose>
		<truncated>0</truncated>
		<difficult>0</difficult>
		<occluded>0</occluded>
		<bndbox>
			<xmin>299</xmin>
			<xmax>361</xmax>
			<ymin>285</ymin>
			<ymax>358</ymax>
		</bndbox>
	</object>
	<object>
		<name>Needle_Tip</name>
		<pose>Unspecified</pose>
		<truncated>0</truncated>
		<difficult>0</difficult>
		<occluded>0</occluded>
		<bndbox>
			<xmin>115</xmin>
			<xmax>162</xmax>
			<ymin>323</ymin>
			<ymax>365</ymax>
		</bndbox>
	</object>
</annotation>
