<annotation>
	<folder></folder>
	<filename>synthetic_gauge_39_png_jpg.rf.5708039c24cc224d76462fb89a213dc8.jpg</filename>
	<path>synthetic_gauge_39_png_jpg.rf.5708039c24cc224d76462fb89a213dc8.jpg</path>
	<source>
		<database>roboflow.com</database>
	</source>
	<size>
		<width>640</width>
		<height>640</height>
		<depth>3</depth>
	</size>
	<segmented>0</segmented>
	<object>
		<name>Needle_base</name>
		<pose>Unspecified</pose>
		<truncated>0</truncated>
		<difficult>0</difficult>
		<occluded>0</occluded>
		<bndbox>
			<xmin>308</xmin>
			<xmax>338</xmax>
			<ymin>295</ymin>
			<ymax>353</ymax>
		</bndbox>
	</object>
	<object>
		<name>Needle_Tip</name>
		<pose>Unspecified</pose>
		<truncated>0</truncated>
		<difficult>0</difficult>
		<occluded>0</occluded>
		<bndbox>
			<xmin>125</xmin>
			<xmax>218</xmax>
			<ymin>384</ymin>
			<ymax>429</ymax>
		</bndbox>
	</object>
</annotation>
