<annotation>
	<folder></folder>
	<filename>synthetic_gauge_4_png_jpg.rf.c04c494e924ea0603b2d67abedf0dfed.jpg</filename>
	<path>synthetic_gauge_4_png_jpg.rf.c04c494e924ea0603b2d67abedf0dfed.jpg</path>
	<source>
		<database>roboflow.com</database>
	</source>
	<size>
		<width>640</width>
		<height>640</height>
		<depth>3</depth>
	</size>
	<segmented>0</segmented>
	<object>
		<name>Needle_Tip</name>
		<pose>Unspecified</pose>
		<truncated>0</truncated>
		<difficult>0</difficult>
		<occluded>0</occluded>
		<bndbox>
			<xmin>330</xmin>
			<xmax>393</xmax>
			<ymin>463</ymin>
			<ymax>526</ymax>
		</bndbox>
	</object>
	<object>
		<name>Needle_base</name>
		<pose>Unspecified</pose>
		<truncated>0</truncated>
		<difficult>0</difficult>
		<occluded>0</occluded>
		<bndbox>
			<xmin>290</xmin>
			<xmax>357</xmax>
			<ymin>270</ymin>
			<ymax>365</ymax>
		</bndbox>
	</object>
</annotation>
