<annotation>
	<folder></folder>
	<filename>synthetic_gauge_85_png_jpg.rf.0f6adb9df9130e1c49b087e8584b8a43.jpg</filename>
	<path>synthetic_gauge_85_png_jpg.rf.0f6adb9df9130e1c49b087e8584b8a43.jpg</path>
	<source>
		<database>roboflow.com</database>
	</source>
	<size>
		<width>640</width>
		<height>640</height>
		<depth>3</depth>
	</size>
	<segmented>0</segmented>
	<object>
		<name>Needle_base</name>
		<pose>Unspecified</pose>
		<truncated>0</truncated>
		<difficult>0</difficult>
		<occluded>0</occluded>
		<bndbox>
			<xmin>301</xmin>
			<xmax>341</xmax>
			<ymin>274</ymin>
			<ymax>349</ymax>
		</bndbox>
	</object>
	<object>
		<name>Needle_Tip</name>
		<pose>Unspecified</pose>
		<truncated>0</truncated>
		<difficult>0</difficult>
		<occluded>0</occluded>
		<bndbox>
			<xmin>165</xmin>
			<xmax>222</xmax>
			<ymin>433</ymin>
			<ymax>483</ymax>
		</bndbox>
	</object>
</annotation>
