<annotation>
	<folder></folder>
	<filename>synthetic_gauge_25_png_jpg.rf.3321a29647ff292fc089d9ad9b4d66d7.jpg</filename>
	<path>synthetic_gauge_25_png_jpg.rf.3321a29647ff292fc089d9ad9b4d66d7.jpg</path>
	<source>
		<database>roboflow.com</database>
	</source>
	<size>
		<width>640</width>
		<height>640</height>
		<depth>3</depth>
	</size>
	<segmented>0</segmented>
	<object>
		<name>Needle_base</name>
		<pose>Unspecified</pose>
		<truncated>0</truncated>
		<difficult>0</difficult>
		<occluded>0</occluded>
		<bndbox>
			<xmin>287</xmin>
			<xmax>353</xmax>
			<ymin>297</ymin>
			<ymax>349</ymax>
		</bndbox>
	</object>
	<object>
		<name>Needle_Tip</name>
		<pose>Unspecified</pose>
		<truncated>0</truncated>
		<difficult>0</difficult>
		<occluded>0</occluded>
		<bndbox>
			<xmin>436</xmin>
			<xmax>473</xmax>
			<ymin>164</ymin>
			<ymax>217</ymax>
		</bndbox>
	</object>
</annotation>
