<annotation>
	<folder></folder>
	<filename>synthetic_gauge_59_png_jpg.rf.2cbaf1f4d01ffa2223af6090a35790c0.jpg</filename>
	<path>synthetic_gauge_59_png_jpg.rf.2cbaf1f4d01ffa2223af6090a35790c0.jpg</path>
	<source>
		<database>roboflow.com</database>
	</source>
	<size>
		<width>640</width>
		<height>640</height>
		<depth>3</depth>
	</size>
	<segmented>0</segmented>
	<object>
		<name>Needle_base</name>
		<pose>Unspecified</pose>
		<truncated>0</truncated>
		<difficult>0</difficult>
		<occluded>0</occluded>
		<bndbox>
			<xmin>293</xmin>
			<xmax>351</xmax>
			<ymin>296</ymin>
			<ymax>351</ymax>
		</bndbox>
	</object>
	<object>
		<name>Needle_Tip</name>
		<pose>Unspecified</pose>
		<truncated>0</truncated>
		<difficult>0</difficult>
		<occluded>0</occluded>
		<bndbox>
			<xmin>106</xmin>
			<xmax>177</xmax>
			<ymin>239</ymin>
			<ymax>294</ymax>
		</bndbox>
	</object>
</annotation>
