<annotation>
	<folder></folder>
	<filename>synthetic_gauge_75_png_jpg.rf.a0d9fc2f043ba19fb993d55c300d1045.jpg</filename>
	<path>synthetic_gauge_75_png_jpg.rf.a0d9fc2f043ba19fb993d55c300d1045.jpg</path>
	<source>
		<database>roboflow.com</database>
	</source>
	<size>
		<width>640</width>
		<height>640</height>
		<depth>3</depth>
	</size>
	<segmented>0</segmented>
	<object>
		<name>Needle_base</name>
		<pose>Unspecified</pose>
		<truncated>0</truncated>
		<difficult>0</difficult>
		<occluded>0</occluded>
		<bndbox>
			<xmin>295</xmin>
			<xmax>353</xmax>
			<ymin>294</ymin>
			<ymax>356</ymax>
		</bndbox>
	</object>
	<object>
		<name>Needle_Tip</name>
		<pose>Unspecified</pose>
		<truncated>0</truncated>
		<difficult>0</difficult>
		<occluded>0</occluded>
		<bndbox>
			<xmin>213</xmin>
			<xmax>286</xmax>
			<ymin>126</ymin>
			<ymax>180</ymax>
		</bndbox>
	</object>
</annotation>
