<annotation>
	<folder></folder>
	<filename>synthetic_gauge_86_png_jpg.rf.8f32bdd5d05a7afeb8a02cec9f3b0c6c.jpg</filename>
	<path>synthetic_gauge_86_png_jpg.rf.8f32bdd5d05a7afeb8a02cec9f3b0c6c.jpg</path>
	<source>
		<database>roboflow.com</database>
	</source>
	<size>
		<width>640</width>
		<height>640</height>
		<depth>3</depth>
	</size>
	<segmented>0</segmented>
	<object>
		<name>Needle_base</name>
		<pose>Unspecified</pose>
		<truncated>0</truncated>
		<difficult>0</difficult>
		<occluded>0</occluded>
		<bndbox>
			<xmin>285</xmin>
			<xmax>358</xmax>
			<ymin>299</ymin>
			<ymax>361</ymax>
		</bndbox>
	</object>
	<object>
		<name>Needle_Tip</name>
		<pose>Unspecified</pose>
		<truncated>0</truncated>
		<difficult>0</difficult>
		<occluded>0</occluded>
		<bndbox>
			<xmin>142</xmin>
			<xmax>183</xmax>
			<ymin>393</ymin>
			<ymax>439</ymax>
		</bndbox>
	</object>
</annotation>
