<annotation>
	<folder></folder>
	<filename>synthetic_gauge_6_png_jpg.rf.76fe6bf9ff9e44c175984508dc23a224.jpg</filename>
	<path>synthetic_gauge_6_png_jpg.rf.76fe6bf9ff9e44c175984508dc23a224.jpg</path>
	<source>
		<database>roboflow.com</database>
	</source>
	<size>
		<width>640</width>
		<height>640</height>
		<depth>3</depth>
	</size>
	<segmented>0</segmented>
	<object>
		<name>Needle_base</name>
		<pose>Unspecified</pose>
		<truncated>0</truncated>
		<difficult>0</difficult>
		<occluded>0</occluded>
		<bndbox>
			<xmin>299</xmin>
			<xmax>361</xmax>
			<ymin>284</ymin>
			<ymax>357</ymax>
		</bndbox>
	</object>
	<object>
		<name>Needle_Tip</name>
		<pose>Unspecified</pose>
		<truncated>0</truncated>
		<difficult>0</difficult>
		<occluded>0</occluded>
		<bndbox>
			<xmin>389</xmin>
			<xmax>435</xmax>
			<ymin>467</ymin>
			<ymax>498</ymax>
		</bndbox>
	</object>
</annotation>
