<annotation>
	<folder></folder>
	<filename>synthetic_gauge_23_png_jpg.rf.b594814edf65035f0e4079e9ad3857ff.jpg</filename>
	<path>synthetic_gauge_23_png_jpg.rf.b594814edf65035f0e4079e9ad3857ff.jpg</path>
	<source>
		<database>roboflow.com</database>
	</source>
	<size>
		<width>640</width>
		<height>640</height>
		<depth>3</depth>
	</size>
	<segmented>0</segmented>
	<object>
		<name>Needle_base</name>
		<pose>Unspecified</pose>
		<truncated>0</truncated>
		<difficult>0</difficult>
		<occluded>0</occluded>
		<bndbox>
			<xmin>299</xmin>
			<xmax>342</xmax>
			<ymin>289</ymin>
			<ymax>348</ymax>
		</bndbox>
	</object>
	<object>
		<name>Needle_Tip</name>
		<pose>Unspecified</pose>
		<truncated>0</truncated>
		<difficult>0</difficult>
		<occluded>0</occluded>
		<bndbox>
			<xmin>99</xmin>
			<xmax>178</xmax>
			<ymin>254</ymin>
			<ymax>304</ymax>
		</bndbox>
	</object>
</annotation>
