<annotation>
	<folder></folder>
	<filename>synthetic_gauge_26_png_jpg.rf.400438c71c360980b6ba52bc6b99bce6.jpg</filename>
	<path>synthetic_gauge_26_png_jpg.rf.400438c71c360980b6ba52bc6b99bce6.jpg</path>
	<source>
		<database>roboflow.com</database>
	</source>
	<size>
		<width>640</width>
		<height>640</height>
		<depth>3</depth>
	</size>
	<segmented>0</segmented>
	<object>
		<name>Needle_base</name>
		<pose>Unspecified</pose>
		<truncated>0</truncated>
		<difficult>0</difficult>
		<occluded>0</occluded>
		<bndbox>
			<xmin>297</xmin>
			<xmax>350</xmax>
			<ymin>283</ymin>
			<ymax>362</ymax>
		</bndbox>
	</object>
	<object>
		<name>Needle_Tip</name>
		<pose>Unspecified</pose>
		<truncated>0</truncated>
		<difficult>0</difficult>
		<occluded>0</occluded>
		<bndbox>
			<xmin>225</xmin>
			<xmax>332</xmax>
			<ymin>113</ymin>
			<ymax>163</ymax>
		</bndbox>
	</object>
</annotation>
