<annotation>
	<folder></folder>
	<filename>synthetic_gauge_18_png_jpg.rf.2765b00c3a3b445bfd516d0586174692.jpg</filename>
	<path>synthetic_gauge_18_png_jpg.rf.2765b00c3a3b445bfd516d0586174692.jpg</path>
	<source>
		<database>roboflow.com</database>
	</source>
	<size>
		<width>640</width>
		<height>640</height>
		<depth>3</depth>
	</size>
	<segmented>0</segmented>
	<object>
		<name>Needle_base</name>
		<pose>Unspecified</pose>
		<truncated>0</truncated>
		<difficult>0</difficult>
		<occluded>0</occluded>
		<bndbox>
			<xmin>281</xmin>
			<xmax>343</xmax>
			<ymin>284</ymin>
			<ymax>357</ymax>
		</bndbox>
	</object>
	<object>
		<name>Needle_Tip</name>
		<pose>Unspecified</pose>
		<truncated>0</truncated>
		<difficult>0</difficult>
		<occluded>0</occluded>
		<bndbox>
			<xmin>334</xmin>
			<xmax>380</xmax>
			<ymin>487</ymin>
			<ymax>528</ymax>
		</bndbox>
	</object>
</annotation>
