<annotation>
	<folder></folder>
	<filename>synthetic_gauge_28_png_jpg.rf.e10997c8c84edbf603489ddf773609fa.jpg</filename>
	<path>synthetic_gauge_28_png_jpg.rf.e10997c8c84edbf603489ddf773609fa.jpg</path>
	<source>
		<database>roboflow.com</database>
	</source>
	<size>
		<width>640</width>
		<height>640</height>
		<depth>3</depth>
	</size>
	<segmented>0</segmented>
	<object>
		<name>Needle_base</name>
		<pose>Unspecified</pose>
		<truncated>0</truncated>
		<difficult>0</difficult>
		<occluded>0</occluded>
		<bndbox>
			<xmin>299</xmin>
			<xmax>345</xmax>
			<ymin>297</ymin>
			<ymax>348</ymax>
		</bndbox>
	</object>
	<object>
		<name>Needle_Tip</name>
		<pose>Unspecified</pose>
		<truncated>0</truncated>
		<difficult>0</difficult>
		<occluded>0</occluded>
		<bndbox>
			<xmin>469</xmin>
			<xmax>518</xmax>
			<ymin>234</ymin>
			<ymax>277</ymax>
		</bndbox>
	</object>
</annotation>
