<annotation>
	<folder></folder>
	<filename>synthetic_gauge_78_png_jpg.rf.8c79c0b1d599d814c4714b940f63068f.jpg</filename>
	<path>synthetic_gauge_78_png_jpg.rf.8c79c0b1d599d814c4714b940f63068f.jpg</path>
	<source>
		<database>roboflow.com</database>
	</source>
	<size>
		<width>640</width>
		<height>640</height>
		<depth>3</depth>
	</size>
	<segmented>0</segmented>
	<object>
		<name>Needle_base</name>
		<pose>Unspecified</pose>
		<truncated>0</truncated>
		<difficult>0</difficult>
		<occluded>0</occluded>
		<bndbox>
			<xmin>299</xmin>
			<xmax>361</xmax>
			<ymin>284</ymin>
			<ymax>357</ymax>
		</bndbox>
	</object>
	<object>
		<name>Needle_Tip</name>
		<pose>Unspecified</pose>
		<truncated>0</truncated>
		<difficult>0</difficult>
		<occluded>0</occluded>
		<bndbox>
			<xmin>172</xmin>
			<xmax>218</xmax>
			<ymin>441</ymin>
			<ymax>483</ymax>
		</bndbox>
	</object>
</annotation>
