<annotation>
	<folder></folder>
	<filename>synthetic_gauge_50_png_jpg.rf.b7b6a4f8027238cc3f44b5c5e1dddb13.jpg</filename>
	<path>synthetic_gauge_50_png_jpg.rf.b7b6a4f8027238cc3f44b5c5e1dddb13.jpg</path>
	<source>
		<database>roboflow.com</database>
	</source>
	<size>
		<width>640</width>
		<height>640</height>
		<depth>3</depth>
	</size>
	<segmented>0</segmented>
	<object>
		<name>Needle_base</name>
		<pose>Unspecified</pose>
		<truncated>0</truncated>
		<difficult>0</difficult>
		<occluded>0</occluded>
		<bndbox>
			<xmin>284</xmin>
			<xmax>357</xmax>
			<ymin>281</ymin>
			<ymax>343</ymax>
		</bndbox>
	</object>
	<object>
		<name>Needle_Tip</name>
		<pose>Unspecified</pose>
		<truncated>0</truncated>
		<difficult>0</difficult>
		<occluded>0</occluded>
		<bndbox>
			<xmin>160</xmin>
			<xmax>202</xmax>
			<ymin>420</ymin>
			<ymax>466</ymax>
		</bndbox>
	</object>
</annotation>
