<annotation>
	<folder></folder>
	<filename>synthetic_gauge_67_png_jpg.rf.93a8b70087dc2c095421c317a741cfe9.jpg</filename>
	<path>synthetic_gauge_67_png_jpg.rf.93a8b70087dc2c095421c317a741cfe9.jpg</path>
	<source>
		<database>roboflow.com</database>
	</source>
	<size>
		<width>640</width>
		<height>640</height>
		<depth>3</depth>
	</size>
	<segmented>0</segmented>
	<object>
		<name>Needle_base</name>
		<pose>Unspecified</pose>
		<truncated>0</truncated>
		<difficult>0</difficult>
		<occluded>0</occluded>
		<bndbox>
			<xmin>285</xmin>
			<xmax>358</xmax>
			<ymin>299</ymin>
			<ymax>361</ymax>
		</bndbox>
	</object>
	<object>
		<name>Needle_Tip</name>
		<pose>Unspecified</pose>
		<truncated>0</truncated>
		<difficult>0</difficult>
		<occluded>0</occluded>
		<bndbox>
			<xmin>398</xmin>
			<xmax>439</xmax>
			<ymin>138</ymin>
			<ymax>184</ymax>
		</bndbox>
	</object>
</annotation>
