<annotation>
	<folder></folder>
	<filename>synthetic_gauge_69_png_jpg.rf.9823f2ea778c94e880e845bdf91f8449.jpg</filename>
	<path>synthetic_gauge_69_png_jpg.rf.9823f2ea778c94e880e845bdf91f8449.jpg</path>
	<source>
		<database>roboflow.com</database>
	</source>
	<size>
		<width>640</width>
		<height>640</height>
		<depth>3</depth>
	</size>
	<segmented>0</segmented>
	<object>
		<name>Needle_base</name>
		<pose>Unspecified</pose>
		<truncated>0</truncated>
		<difficult>0</difficult>
		<occluded>0</occluded>
		<bndbox>
			<xmin>284</xmin>
			<xmax>357</xmax>
			<ymin>299</ymin>
			<ymax>361</ymax>
		</bndbox>
	</object>
	<object>
		<name>Needle_Tip</name>
		<pose>Unspecified</pose>
		<truncated>0</truncated>
		<difficult>0</difficult>
		<occluded>0</occluded>
		<bndbox>
			<xmin>130</xmin>
			<xmax>172</xmax>
			<ymin>361</ymin>
			<ymax>407</ymax>
		</bndbox>
	</object>
</annotation>
