<annotation>
	<folder></folder>
	<filename>synthetic_gauge_49_png_jpg.rf.b19b3bdceb756cc3d83519955f9401cb.jpg</filename>
	<path>synthetic_gauge_49_png_jpg.rf.b19b3bdceb756cc3d83519955f9401cb.jpg</path>
	<source>
		<database>roboflow.com</database>
	</source>
	<size>
		<width>640</width>
		<height>640</height>
		<depth>3</depth>
	</size>
	<segmented>0</segmented>
	<object>
		<name>Needle_base</name>
		<pose>Unspecified</pose>
		<truncated>0</truncated>
		<difficult>0</difficult>
		<occluded>0</occluded>
		<bndbox>
			<xmin>284</xmin>
			<xmax>357</xmax>
			<ymin>299</ymin>
			<ymax>361</ymax>
		</bndbox>
	</object>
	<object>
		<name>Needle_Tip</name>
		<pose>Unspecified</pose>
		<truncated>0</truncated>
		<difficult>0</difficult>
		<occluded>0</occluded>
		<bndbox>
			<xmin>128</xmin>
			<xmax>159</xmax>
			<ymin>249</ymin>
			<ymax>296</ymax>
		</bndbox>
	</object>
</annotation>
