<annotation>
	<folder></folder>
	<filename>synthetic_gauge_92_png_jpg.rf.38b2e13c46daf522d4d7ddb873074ab3.jpg</filename>
	<path>synthetic_gauge_92_png_jpg.rf.38b2e13c46daf522d4d7ddb873074ab3.jpg</path>
	<source>
		<database>roboflow.com</database>
	</source>
	<size>
		<width>640</width>
		<height>640</height>
		<depth>3</depth>
	</size>
	<segmented>0</segmented>
	<object>
		<name>Needle_Tip</name>
		<pose>Unspecified</pose>
		<truncated>0</truncated>
		<difficult>0</difficult>
		<occluded>0</occluded>
		<bndbox>
			<xmin>141</xmin>
			<xmax>198</xmax>
			<ymin>184</ymin>
			<ymax>252</ymax>
		</bndbox>
	</object>
	<object>
		<name>Needle_base</name>
		<pose>Unspecified</pose>
		<truncated>0</truncated>
		<difficult>0</difficult>
		<occluded>0</occluded>
		<bndbox>
			<xmin>295</xmin>
			<xmax>366</xmax>
			<ymin>290</ymin>
			<ymax>383</ymax>
		</bndbox>
	</object>
</annotation>
