<annotation>
	<folder></folder>
	<filename>synthetic_gauge_18_png_jpg.rf.78c5f0b6a6108b9ba465b413a13a17bf.jpg</filename>
	<path>synthetic_gauge_18_png_jpg.rf.78c5f0b6a6108b9ba465b413a13a17bf.jpg</path>
	<source>
		<database>roboflow.com</database>
	</source>
	<size>
		<width>640</width>
		<height>640</height>
		<depth>3</depth>
	</size>
	<segmented>0</segmented>
	<object>
		<name>Needle_base</name>
		<pose>Unspecified</pose>
		<truncated>0</truncated>
		<difficult>0</difficult>
		<occluded>0</occluded>
		<bndbox>
			<xmin>284</xmin>
			<xmax>357</xmax>
			<ymin>299</ymin>
			<ymax>361</ymax>
		</bndbox>
	</object>
	<object>
		<name>Needle_Tip</name>
		<pose>Unspecified</pose>
		<truncated>0</truncated>
		<difficult>0</difficult>
		<occluded>0</occluded>
		<bndbox>
			<xmin>487</xmin>
			<xmax>528</xmax>
			<ymin>262</ymin>
			<ymax>308</ymax>
		</bndbox>
	</object>
</annotation>
