<annotation>
	<folder></folder>
	<filename>synthetic_gauge_65_png_jpg.rf.b93eb8ca183e5c0074358ad2b18bb94d.jpg</filename>
	<path>synthetic_gauge_65_png_jpg.rf.b93eb8ca183e5c0074358ad2b18bb94d.jpg</path>
	<source>
		<database>roboflow.com</database>
	</source>
	<size>
		<width>640</width>
		<height>640</height>
		<depth>3</depth>
	</size>
	<segmented>0</segmented>
	<object>
		<name>Needle_base</name>
		<pose>Unspecified</pose>
		<truncated>0</truncated>
		<difficult>0</difficult>
		<occluded>0</occluded>
		<bndbox>
			<xmin>281</xmin>
			<xmax>343</xmax>
			<ymin>284</ymin>
			<ymax>357</ymax>
		</bndbox>
	</object>
	<object>
		<name>Needle_Tip</name>
		<pose>Unspecified</pose>
		<truncated>0</truncated>
		<difficult>0</difficult>
		<occluded>0</occluded>
		<bndbox>
			<xmin>111</xmin>
			<xmax>157</xmax>
			<ymin>274</ymin>
			<ymax>315</ymax>
		</bndbox>
	</object>
</annotation>
