<annotation>
	<folder></folder>
	<filename>synthetic_gauge_43_png_jpg.rf.e91a2a75e4b437fc88e710e4dc159435.jpg</filename>
	<path>synthetic_gauge_43_png_jpg.rf.e91a2a75e4b437fc88e710e4dc159435.jpg</path>
	<source>
		<database>roboflow.com</database>
	</source>
	<size>
		<width>640</width>
		<height>640</height>
		<depth>3</depth>
	</size>
	<segmented>0</segmented>
	<object>
		<name>Needle_base</name>
		<pose>Unspecified</pose>
		<truncated>0</truncated>
		<difficult>0</difficult>
		<occluded>0</occluded>
		<bndbox>
			<xmin>304</xmin>
			<xmax>350</xmax>
			<ymin>293</ymin>
			<ymax>357</ymax>
		</bndbox>
	</object>
	<object>
		<name>Needle_Tip</name>
		<pose>Unspecified</pose>
		<truncated>0</truncated>
		<difficult>0</difficult>
		<occluded>0</occluded>
		<bndbox>
			<xmin>198</xmin>
			<xmax>237</xmax>
			<ymin>446</ymin>
			<ymax>498</ymax>
		</bndbox>
	</object>
</annotation>
