<annotation>
	<folder></folder>
	<filename>synthetic_gauge_59_png_jpg.rf.e685bc0785bbb04be99e69baf204af10.jpg</filename>
	<path>synthetic_gauge_59_png_jpg.rf.e685bc0785bbb04be99e69baf204af10.jpg</path>
	<source>
		<database>roboflow.com</database>
	</source>
	<size>
		<width>640</width>
		<height>640</height>
		<depth>3</depth>
	</size>
	<segmented>0</segmented>
	<object>
		<name>Needle_base</name>
		<pose>Unspecified</pose>
		<truncated>0</truncated>
		<difficult>0</difficult>
		<occluded>0</occluded>
		<bndbox>
			<xmin>291</xmin>
			<xmax>349</xmax>
			<ymin>296</ymin>
			<ymax>351</ymax>
		</bndbox>
	</object>
	<object>
		<name>Needle_Tip</name>
		<pose>Unspecified</pose>
		<truncated>0</truncated>
		<difficult>0</difficult>
		<occluded>0</occluded>
		<bndbox>
			<xmin>465</xmin>
			<xmax>536</xmax>
			<ymin>239</ymin>
			<ymax>294</ymax>
		</bndbox>
	</object>
</annotation>
