<annotation>
	<folder></folder>
	<filename>synthetic_gauge_82_png_jpg.rf.24b2f9f28a22f5c34fc084b3406f57b3.jpg</filename>
	<path>synthetic_gauge_82_png_jpg.rf.24b2f9f28a22f5c34fc084b3406f57b3.jpg</path>
	<source>
		<database>roboflow.com</database>
	</source>
	<size>
		<width>640</width>
		<height>640</height>
		<depth>3</depth>
	</size>
	<segmented>0</segmented>
	<object>
		<name>Needle_base</name>
		<pose>Unspecified</pose>
		<truncated>0</truncated>
		<difficult>0</difficult>
		<occluded>0</occluded>
		<bndbox>
			<xmin>284</xmin>
			<xmax>357</xmax>
			<ymin>299</ymin>
			<ymax>361</ymax>
		</bndbox>
	</object>
	<object>
		<name>Needle_Tip</name>
		<pose>Unspecified</pose>
		<truncated>0</truncated>
		<difficult>0</difficult>
		<occluded>0</occluded>
		<bndbox>
			<xmin>284</xmin>
			<xmax>326</xmax>
			<ymin>111</ymin>
			<ymax>157</ymax>
		</bndbox>
	</object>
</annotation>
