<annotation>
	<folder></folder>
	<filename>synthetic_gauge_28_png_jpg.rf.ab59849c7b89d69c6e9834150106af22.jpg</filename>
	<path>synthetic_gauge_28_png_jpg.rf.ab59849c7b89d69c6e9834150106af22.jpg</path>
	<source>
		<database>roboflow.com</database>
	</source>
	<size>
		<width>640</width>
		<height>640</height>
		<depth>3</depth>
	</size>
	<segmented>0</segmented>
	<object>
		<name>Needle_base</name>
		<pose>Unspecified</pose>
		<truncated>0</truncated>
		<difficult>0</difficult>
		<occluded>0</occluded>
		<bndbox>
			<xmin>297</xmin>
			<xmax>343</xmax>
			<ymin>294</ymin>
			<ymax>345</ymax>
		</bndbox>
	</object>
	<object>
		<name>Needle_Tip</name>
		<pose>Unspecified</pose>
		<truncated>0</truncated>
		<difficult>0</difficult>
		<occluded>0</occluded>
		<bndbox>
			<xmin>124</xmin>
			<xmax>173</xmax>
			<ymin>365</ymin>
			<ymax>408</ymax>
		</bndbox>
	</object>
</annotation>
