<annotation>
	<folder></folder>
	<filename>synthetic_gauge_41_png_jpg.rf.5b4d1e0bc2696b3a190c1cf43aeeed48.jpg</filename>
	<path>synthetic_gauge_41_png_jpg.rf.5b4d1e0bc2696b3a190c1cf43aeeed48.jpg</path>
	<source>
		<database>roboflow.com</database>
	</source>
	<size>
		<width>640</width>
		<height>640</height>
		<depth>3</depth>
	</size>
	<segmented>0</segmented>
	<object>
		<name>Needle_base</name>
		<pose>Unspecified</pose>
		<truncated>0</truncated>
		<difficult>0</difficult>
		<occluded>0</occluded>
		<bndbox>
			<xmin>285</xmin>
			<xmax>358</xmax>
			<ymin>299</ymin>
			<ymax>361</ymax>
		</bndbox>
	</object>
	<object>
		<name>Needle_Tip</name>
		<pose>Unspecified</pose>
		<truncated>0</truncated>
		<difficult>0</difficult>
		<occluded>0</occluded>
		<bndbox>
			<xmin>245</xmin>
			<xmax>286</xmax>
			<ymin>117</ymin>
			<ymax>164</ymax>
		</bndbox>
	</object>
</annotation>
