<annotation>
	<folder></folder>
	<filename>synthetic_gauge_65_png_jpg.rf.af12d50888b2729892094e59f2560c22.jpg</filename>
	<path>synthetic_gauge_65_png_jpg.rf.af12d50888b2729892094e59f2560c22.jpg</path>
	<source>
		<database>roboflow.com</database>
	</source>
	<size>
		<width>640</width>
		<height>640</height>
		<depth>3</depth>
	</size>
	<segmented>0</segmented>
	<object>
		<name>Needle_base</name>
		<pose>Unspecified</pose>
		<truncated>0</truncated>
		<difficult>0</difficult>
		<occluded>0</occluded>
		<bndbox>
			<xmin>285</xmin>
			<xmax>358</xmax>
			<ymin>299</ymin>
			<ymax>361</ymax>
		</bndbox>
	</object>
	<object>
		<name>Needle_Tip</name>
		<pose>Unspecified</pose>
		<truncated>0</truncated>
		<difficult>0</difficult>
		<occluded>0</occluded>
		<bndbox>
			<xmin>327</xmin>
			<xmax>368</xmax>
			<ymin>485</ymin>
			<ymax>531</ymax>
		</bndbox>
	</object>
</annotation>
