<annotation>
	<folder></folder>
	<filename>synthetic_gauge_38_png_jpg.rf.afdd2a4ddfe956616a4f46edcad1c378.jpg</filename>
	<path>synthetic_gauge_38_png_jpg.rf.afdd2a4ddfe956616a4f46edcad1c378.jpg</path>
	<source>
		<database>roboflow.com</database>
	</source>
	<size>
		<width>640</width>
		<height>640</height>
		<depth>3</depth>
	</size>
	<segmented>0</segmented>
	<object>
		<name>Needle_base</name>
		<pose>Unspecified</pose>
		<truncated>0</truncated>
		<difficult>0</difficult>
		<occluded>0</occluded>
		<bndbox>
			<xmin>297</xmin>
			<xmax>345</xmax>
			<ymin>299</ymin>
			<ymax>343</ymax>
		</bndbox>
	</object>
	<object>
		<name>Needle_Tip</name>
		<pose>Unspecified</pose>
		<truncated>0</truncated>
		<difficult>0</difficult>
		<occluded>0</occluded>
		<bndbox>
			<xmin>225</xmin>
			<xmax>250</xmax>
			<ymin>136</ymin>
			<ymax>174</ymax>
		</bndbox>
	</object>
</annotation>
