<annotation>
	<folder></folder>
	<filename>synthetic_gauge_85_png_jpg.rf.8de8249679fbeb9d7b0e9d5cf987a4cb.jpg</filename>
	<path>synthetic_gauge_85_png_jpg.rf.8de8249679fbeb9d7b0e9d5cf987a4cb.jpg</path>
	<source>
		<database>roboflow.com</database>
	</source>
	<size>
		<width>640</width>
		<height>640</height>
		<depth>3</depth>
	</size>
	<segmented>0</segmented>
	<object>
		<name>Needle_base</name>
		<pose>Unspecified</pose>
		<truncated>0</truncated>
		<difficult>0</difficult>
		<occluded>0</occluded>
		<bndbox>
			<xmin>293</xmin>
			<xmax>368</xmax>
			<ymin>301</ymin>
			<ymax>341</ymax>
		</bndbox>
	</object>
	<object>
		<name>Needle_Tip</name>
		<pose>Unspecified</pose>
		<truncated>0</truncated>
		<difficult>0</difficult>
		<occluded>0</occluded>
		<bndbox>
			<xmin>159</xmin>
			<xmax>209</xmax>
			<ymin>420</ymin>
			<ymax>477</ymax>
		</bndbox>
	</object>
</annotation>
