<annotation>
	<folder></folder>
	<filename>synthetic_gauge_34_png_jpg.rf.06397d3e5cf114f63cee2058cefdd53d.jpg</filename>
	<path>synthetic_gauge_34_png_jpg.rf.06397d3e5cf114f63cee2058cefdd53d.jpg</path>
	<source>
		<database>roboflow.com</database>
	</source>
	<size>
		<width>640</width>
		<height>640</height>
		<depth>3</depth>
	</size>
	<segmented>0</segmented>
	<object>
		<name>Needle_base</name>
		<pose>Unspecified</pose>
		<truncated>0</truncated>
		<difficult>0</difficult>
		<occluded>0</occluded>
		<bndbox>
			<xmin>299</xmin>
			<xmax>361</xmax>
			<ymin>284</ymin>
			<ymax>357</ymax>
		</bndbox>
	</object>
	<object>
		<name>Needle_Tip</name>
		<pose>Unspecified</pose>
		<truncated>0</truncated>
		<difficult>0</difficult>
		<occluded>0</occluded>
		<bndbox>
			<xmin>247</xmin>
			<xmax>294</xmax>
			<ymin>486</ymin>
			<ymax>527</ymax>
		</bndbox>
	</object>
</annotation>
