<annotation>
	<folder></folder>
	<filename>synthetic_gauge_55_png_jpg.rf.7b971b1ecf494360fa2b96beef6597ba.jpg</filename>
	<path>synthetic_gauge_55_png_jpg.rf.7b971b1ecf494360fa2b96beef6597ba.jpg</path>
	<source>
		<database>roboflow.com</database>
	</source>
	<size>
		<width>640</width>
		<height>640</height>
		<depth>3</depth>
	</size>
	<segmented>0</segmented>
	<object>
		<name>Needle_base</name>
		<pose>Unspecified</pose>
		<truncated>0</truncated>
		<difficult>0</difficult>
		<occluded>0</occluded>
		<bndbox>
			<xmin>285</xmin>
			<xmax>358</xmax>
			<ymin>299</ymin>
			<ymax>361</ymax>
		</bndbox>
	</object>
	<object>
		<name>Needle_Tip</name>
		<pose>Unspecified</pose>
		<truncated>0</truncated>
		<difficult>0</difficult>
		<occluded>0</occluded>
		<bndbox>
			<xmin>124</xmin>
			<xmax>166</xmax>
			<ymin>356</ymin>
			<ymax>402</ymax>
		</bndbox>
	</object>
</annotation>
