<annotation>
	<folder></folder>
	<filename>synthetic_gauge_91_png_jpg.rf.941d358133170d25259f8a682f370e8d.jpg</filename>
	<path>synthetic_gauge_91_png_jpg.rf.941d358133170d25259f8a682f370e8d.jpg</path>
	<source>
		<database>roboflow.com</database>
	</source>
	<size>
		<width>640</width>
		<height>640</height>
		<depth>3</depth>
	</size>
	<segmented>0</segmented>
	<object>
		<name>Needle_base</name>
		<pose>Unspecified</pose>
		<truncated>0</truncated>
		<difficult>0</difficult>
		<occluded>0</occluded>
		<bndbox>
			<xmin>285</xmin>
			<xmax>358</xmax>
			<ymin>299</ymin>
			<ymax>361</ymax>
		</bndbox>
	</object>
	<object>
		<name>Needle_Tip</name>
		<pose>Unspecified</pose>
		<truncated>0</truncated>
		<difficult>0</difficult>
		<occluded>0</occluded>
		<bndbox>
			<xmin>115</xmin>
			<xmax>156</xmax>
			<ymin>328</ymin>
			<ymax>374</ymax>
		</bndbox>
	</object>
</annotation>
