<annotation>
	<folder></folder>
	<filename>synthetic_gauge_79_png_jpg.rf.25fd82051648da417c7d811f10857485.jpg</filename>
	<path>synthetic_gauge_79_png_jpg.rf.25fd82051648da417c7d811f10857485.jpg</path>
	<source>
		<database>roboflow.com</database>
	</source>
	<size>
		<width>640</width>
		<height>640</height>
		<depth>3</depth>
	</size>
	<segmented>0</segmented>
	<object>
		<name>Needle_base</name>
		<pose>Unspecified</pose>
		<truncated>0</truncated>
		<difficult>0</difficult>
		<occluded>0</occluded>
		<bndbox>
			<xmin>299</xmin>
			<xmax>361</xmax>
			<ymin>285</ymin>
			<ymax>358</ymax>
		</bndbox>
	</object>
	<object>
		<name>Needle_Tip</name>
		<pose>Unspecified</pose>
		<truncated>0</truncated>
		<difficult>0</difficult>
		<occluded>0</occluded>
		<bndbox>
			<xmin>482</xmin>
			<xmax>528</xmax>
			<ymin>275</ymin>
			<ymax>316</ymax>
		</bndbox>
	</object>
</annotation>
