<annotation>
	<folder></folder>
	<filename>synthetic_gauge_44_png_jpg.rf.eae4b1b8c673a20817f29dd5ae9dfb15.jpg</filename>
	<path>synthetic_gauge_44_png_jpg.rf.eae4b1b8c673a20817f29dd5ae9dfb15.jpg</path>
	<source>
		<database>roboflow.com</database>
	</source>
	<size>
		<width>640</width>
		<height>640</height>
		<depth>3</depth>
	</size>
	<segmented>0</segmented>
	<object>
		<name>Needle_Tip</name>
		<pose>Unspecified</pose>
		<truncated>0</truncated>
		<difficult>0</difficult>
		<occluded>0</occluded>
		<bndbox>
			<xmin>408</xmin>
			<xmax>464</xmax>
			<ymin>431</ymin>
			<ymax>495</ymax>
		</bndbox>
	</object>
	<object>
		<name>Needle_base</name>
		<pose>Unspecified</pose>
		<truncated>0</truncated>
		<difficult>0</difficult>
		<occluded>0</occluded>
		<bndbox>
			<xmin>292</xmin>
			<xmax>354</xmax>
			<ymin>304</ymin>
			<ymax>344</ymax>
		</bndbox>
	</object>
</annotation>
