<annotation>
	<folder></folder>
	<filename>synthetic_gauge_2_png_jpg.rf.43ced7a757c628990cfc6e038e614905.jpg</filename>
	<path>synthetic_gauge_2_png_jpg.rf.43ced7a757c628990cfc6e038e614905.jpg</path>
	<source>
		<database>roboflow.com</database>
	</source>
	<size>
		<width>640</width>
		<height>640</height>
		<depth>3</depth>
	</size>
	<segmented>0</segmented>
	<object>
		<name>Needle_base</name>
		<pose>Unspecified</pose>
		<truncated>0</truncated>
		<difficult>0</difficult>
		<occluded>0</occluded>
		<bndbox>
			<xmin>291</xmin>
			<xmax>356</xmax>
			<ymin>292</ymin>
			<ymax>349</ymax>
		</bndbox>
	</object>
	<object>
		<name>Needle_Tip</name>
		<pose>Unspecified</pose>
		<truncated>0</truncated>
		<difficult>0</difficult>
		<occluded>0</occluded>
		<bndbox>
			<xmin>215</xmin>
			<xmax>268</xmax>
			<ymin>135</ymin>
			<ymax>178</ymax>
		</bndbox>
	</object>
</annotation>
