<annotation>
	<folder></folder>
	<filename>synthetic_gauge_88_png_jpg.rf.d8c2b056e2ccc804fc9c48b967afcda2.jpg</filename>
	<path>synthetic_gauge_88_png_jpg.rf.d8c2b056e2ccc804fc9c48b967afcda2.jpg</path>
	<source>
		<database>roboflow.com</database>
	</source>
	<size>
		<width>640</width>
		<height>640</height>
		<depth>3</depth>
	</size>
	<segmented>0</segmented>
	<object>
		<name>Needle_base</name>
		<pose>Unspecified</pose>
		<truncated>0</truncated>
		<difficult>0</difficult>
		<occluded>0</occluded>
		<bndbox>
			<xmin>299</xmin>
			<xmax>361</xmax>
			<ymin>284</ymin>
			<ymax>357</ymax>
		</bndbox>
	</object>
	<object>
		<name>Needle_Tip</name>
		<pose>Unspecified</pose>
		<truncated>0</truncated>
		<difficult>0</difficult>
		<occluded>0</occluded>
		<bndbox>
			<xmin>353</xmin>
			<xmax>399</xmax>
			<ymin>130</ymin>
			<ymax>172</ymax>
		</bndbox>
	</object>
</annotation>
