<annotation>
	<folder></folder>
	<filename>synthetic_gauge_90_png_jpg.rf.ebc84899527b9f8062f54b18bb6206ff.jpg</filename>
	<path>synthetic_gauge_90_png_jpg.rf.ebc84899527b9f8062f54b18bb6206ff.jpg</path>
	<source>
		<database>roboflow.com</database>
	</source>
	<size>
		<width>640</width>
		<height>640</height>
		<depth>3</depth>
	</size>
	<segmented>0</segmented>
	<object>
		<name>Needle_base</name>
		<pose>Unspecified</pose>
		<truncated>0</truncated>
		<difficult>0</difficult>
		<occluded>0</occluded>
		<bndbox>
			<xmin>281</xmin>
			<xmax>343</xmax>
			<ymin>284</ymin>
			<ymax>357</ymax>
		</bndbox>
	</object>
	<object>
		<name>Needle_Tip</name>
		<pose>Unspecified</pose>
		<truncated>0</truncated>
		<difficult>0</difficult>
		<occluded>0</occluded>
		<bndbox>
			<xmin>147</xmin>
			<xmax>194</xmax>
			<ymin>186</ymin>
			<ymax>228</ymax>
		</bndbox>
	</object>
</annotation>
