<annotation>
	<folder></folder>
	<filename>synthetic_gauge_7_png_jpg.rf.9f81686abfe5281ae1829b35c5e9e699.jpg</filename>
	<path>synthetic_gauge_7_png_jpg.rf.9f81686abfe5281ae1829b35c5e9e699.jpg</path>
	<source>
		<database>roboflow.com</database>
	</source>
	<size>
		<width>640</width>
		<height>640</height>
		<depth>3</depth>
	</size>
	<segmented>0</segmented>
	<object>
		<name>Needle_base</name>
		<pose>Unspecified</pose>
		<truncated>0</truncated>
		<difficult>0</difficult>
		<occluded>0</occluded>
		<bndbox>
			<xmin>297</xmin>
			<xmax>347</xmax>
			<ymin>284</ymin>
			<ymax>353</ymax>
		</bndbox>
	</object>
	<object>
		<name>Needle_Tip</name>
		<pose>Unspecified</pose>
		<truncated>0</truncated>
		<difficult>0</difficult>
		<occluded>0</occluded>
		<bndbox>
			<xmin>158</xmin>
			<xmax>206</xmax>
			<ymin>414</ymin>
			<ymax>464</ymax>
		</bndbox>
	</object>
</annotation>
