<annotation>
	<folder></folder>
	<filename>synthetic_gauge_63_png_jpg.rf.332cd4dc0b060ad21498c63a1d71b141.jpg</filename>
	<path>synthetic_gauge_63_png_jpg.rf.332cd4dc0b060ad21498c63a1d71b141.jpg</path>
	<source>
		<database>roboflow.com</database>
	</source>
	<size>
		<width>640</width>
		<height>640</height>
		<depth>3</depth>
	</size>
	<segmented>0</segmented>
	<object>
		<name>Needle_Tip</name>
		<pose>Unspecified</pose>
		<truncated>0</truncated>
		<difficult>0</difficult>
		<occluded>0</occluded>
		<bndbox>
			<xmin>467</xmin>
			<xmax>523</xmax>
			<ymin>337</ymin>
			<ymax>406</ymax>
		</bndbox>
	</object>
	<object>
		<name>Needle_base</name>
		<pose>Unspecified</pose>
		<truncated>0</truncated>
		<difficult>0</difficult>
		<occluded>0</occluded>
		<bndbox>
			<xmin>249</xmin>
			<xmax>395</xmax>
			<ymin>299</ymin>
			<ymax>347</ymax>
		</bndbox>
	</object>
</annotation>
