<annotation>
	<folder></folder>
	<filename>synthetic_gauge_26_png_jpg.rf.3add0aa5926d022c4e3508c05030da6c.jpg</filename>
	<path>synthetic_gauge_26_png_jpg.rf.3add0aa5926d022c4e3508c05030da6c.jpg</path>
	<source>
		<database>roboflow.com</database>
	</source>
	<size>
		<width>640</width>
		<height>640</height>
		<depth>3</depth>
	</size>
	<segmented>0</segmented>
	<object>
		<name>Needle_base</name>
		<pose>Unspecified</pose>
		<truncated>0</truncated>
		<difficult>0</difficult>
		<occluded>0</occluded>
		<bndbox>
			<xmin>280</xmin>
			<xmax>359</xmax>
			<ymin>292</ymin>
			<ymax>345</ymax>
		</bndbox>
	</object>
	<object>
		<name>Needle_Tip</name>
		<pose>Unspecified</pose>
		<truncated>0</truncated>
		<difficult>0</difficult>
		<occluded>0</occluded>
		<bndbox>
			<xmin>479</xmin>
			<xmax>529</xmax>
			<ymin>310</ymin>
			<ymax>417</ymax>
		</bndbox>
	</object>
</annotation>
