<annotation>
	<folder></folder>
	<filename>synthetic_gauge_1_png_jpg.rf.b4aa7956e88df4136943deaf912be27c.jpg</filename>
	<path>synthetic_gauge_1_png_jpg.rf.b4aa7956e88df4136943deaf912be27c.jpg</path>
	<source>
		<database>roboflow.com</database>
	</source>
	<size>
		<width>640</width>
		<height>640</height>
		<depth>3</depth>
	</size>
	<segmented>0</segmented>
	<object>
		<name>Needle_base</name>
		<pose>Unspecified</pose>
		<truncated>0</truncated>
		<difficult>0</difficult>
		<occluded>0</occluded>
		<bndbox>
			<xmin>300</xmin>
			<xmax>350</xmax>
			<ymin>296</ymin>
			<ymax>352</ymax>
		</bndbox>
	</object>
	<object>
		<name>Needle_Tip</name>
		<pose>Unspecified</pose>
		<truncated>0</truncated>
		<difficult>0</difficult>
		<occluded>0</occluded>
		<bndbox>
			<xmin>359</xmin>
			<xmax>417</xmax>
			<ymin>474</ymin>
			<ymax>524</ymax>
		</bndbox>
	</object>
</annotation>
