<annotation>
	<folder></folder>
	<filename>synthetic_gauge_35_png_jpg.rf.7ed6f4c830f913c478cc59d985c1ce21.jpg</filename>
	<path>synthetic_gauge_35_png_jpg.rf.7ed6f4c830f913c478cc59d985c1ce21.jpg</path>
	<source>
		<database>roboflow.com</database>
	</source>
	<size>
		<width>640</width>
		<height>640</height>
		<depth>3</depth>
	</size>
	<segmented>0</segmented>
	<object>
		<name>Needle_base</name>
		<pose>Unspecified</pose>
		<truncated>0</truncated>
		<difficult>0</difficult>
		<occluded>0</occluded>
		<bndbox>
			<xmin>299</xmin>
			<xmax>361</xmax>
			<ymin>285</ymin>
			<ymax>358</ymax>
		</bndbox>
	</object>
	<object>
		<name>Needle_Tip</name>
		<pose>Unspecified</pose>
		<truncated>0</truncated>
		<difficult>0</difficult>
		<occluded>0</occluded>
		<bndbox>
			<xmin>371</xmin>
			<xmax>418</xmax>
			<ymin>459</ymin>
			<ymax>500</ymax>
		</bndbox>
	</object>
</annotation>
