<annotation>
	<folder></folder>
	<filename>synthetic_gauge_25_png_jpg.rf.820befce4a715172d91e90004b5bfc0b.jpg</filename>
	<path>synthetic_gauge_25_png_jpg.rf.820befce4a715172d91e90004b5bfc0b.jpg</path>
	<source>
		<database>roboflow.com</database>
	</source>
	<size>
		<width>640</width>
		<height>640</height>
		<depth>3</depth>
	</size>
	<segmented>0</segmented>
	<object>
		<name>Needle_base</name>
		<pose>Unspecified</pose>
		<truncated>0</truncated>
		<difficult>0</difficult>
		<occluded>0</occluded>
		<bndbox>
			<xmin>297</xmin>
			<xmax>349</xmax>
			<ymin>289</ymin>
			<ymax>355</ymax>
		</bndbox>
	</object>
	<object>
		<name>Needle_Tip</name>
		<pose>Unspecified</pose>
		<truncated>0</truncated>
		<difficult>0</difficult>
		<occluded>0</occluded>
		<bndbox>
			<xmin>164</xmin>
			<xmax>217</xmax>
			<ymin>169</ymin>
			<ymax>206</ymax>
		</bndbox>
	</object>
</annotation>
