<annotation>
	<folder></folder>
	<filename>synthetic_gauge_85_png_jpg.rf.82c9bc98b0e9d7da9b7b9988d36dfa2f.jpg</filename>
	<path>synthetic_gauge_85_png_jpg.rf.82c9bc98b0e9d7da9b7b9988d36dfa2f.jpg</path>
	<source>
		<database>roboflow.com</database>
	</source>
	<size>
		<width>640</width>
		<height>640</height>
		<depth>3</depth>
	</size>
	<segmented>0</segmented>
	<object>
		<name>Needle_base</name>
		<pose>Unspecified</pose>
		<truncated>0</truncated>
		<difficult>0</difficult>
		<occluded>0</occluded>
		<bndbox>
			<xmin>301</xmin>
			<xmax>341</xmax>
			<ymin>293</ymin>
			<ymax>368</ymax>
		</bndbox>
	</object>
	<object>
		<name>Needle_Tip</name>
		<pose>Unspecified</pose>
		<truncated>0</truncated>
		<difficult>0</difficult>
		<occluded>0</occluded>
		<bndbox>
			<xmin>420</xmin>
			<xmax>477</xmax>
			<ymin>159</ymin>
			<ymax>209</ymax>
		</bndbox>
	</object>
</annotation>
