<annotation>
	<folder></folder>
	<filename>synthetic_gauge_49_png_jpg.rf.33c33cbf77460045b3b22be935933ab6.jpg</filename>
	<path>synthetic_gauge_49_png_jpg.rf.33c33cbf77460045b3b22be935933ab6.jpg</path>
	<source>
		<database>roboflow.com</database>
	</source>
	<size>
		<width>640</width>
		<height>640</height>
		<depth>3</depth>
	</size>
	<segmented>0</segmented>
	<object>
		<name>Needle_base</name>
		<pose>Unspecified</pose>
		<truncated>0</truncated>
		<difficult>0</difficult>
		<occluded>0</occluded>
		<bndbox>
			<xmin>285</xmin>
			<xmax>358</xmax>
			<ymin>299</ymin>
			<ymax>361</ymax>
		</bndbox>
	</object>
	<object>
		<name>Needle_Tip</name>
		<pose>Unspecified</pose>
		<truncated>0</truncated>
		<difficult>0</difficult>
		<occluded>0</occluded>
		<bndbox>
			<xmin>483</xmin>
			<xmax>514</xmax>
			<ymin>249</ymin>
			<ymax>296</ymax>
		</bndbox>
	</object>
</annotation>
