<annotation>
	<folder></folder>
	<filename>synthetic_gauge_95_png_jpg.rf.22af9f2450ff1c1db2cdb256686acc22.jpg</filename>
	<path>synthetic_gauge_95_png_jpg.rf.22af9f2450ff1c1db2cdb256686acc22.jpg</path>
	<source>
		<database>roboflow.com</database>
	</source>
	<size>
		<width>640</width>
		<height>640</height>
		<depth>3</depth>
	</size>
	<segmented>0</segmented>
	<object>
		<name>Needle_base</name>
		<pose>Unspecified</pose>
		<truncated>0</truncated>
		<difficult>0</difficult>
		<occluded>0</occluded>
		<bndbox>
			<xmin>284</xmin>
			<xmax>357</xmax>
			<ymin>299</ymin>
			<ymax>361</ymax>
		</bndbox>
	</object>
	<object>
		<name>Needle_Tip</name>
		<pose>Unspecified</pose>
		<truncated>0</truncated>
		<difficult>0</difficult>
		<occluded>0</occluded>
		<bndbox>
			<xmin>394</xmin>
			<xmax>435</xmax>
			<ymin>453</ymin>
			<ymax>499</ymax>
		</bndbox>
	</object>
</annotation>
