<annotation>
	<folder></folder>
	<filename>synthetic_gauge_83_png_jpg.rf.cf0f487edd54626da8b7cbd66ab941c8.jpg</filename>
	<path>synthetic_gauge_83_png_jpg.rf.cf0f487edd54626da8b7cbd66ab941c8.jpg</path>
	<source>
		<database>roboflow.com</database>
	</source>
	<size>
		<width>640</width>
		<height>640</height>
		<depth>3</depth>
	</size>
	<segmented>0</segmented>
	<object>
		<name>Needle_base</name>
		<pose>Unspecified</pose>
		<truncated>0</truncated>
		<difficult>0</difficult>
		<occluded>0</occluded>
		<bndbox>
			<xmin>281</xmin>
			<xmax>343</xmax>
			<ymin>284</ymin>
			<ymax>357</ymax>
		</bndbox>
	</object>
	<object>
		<name>Needle_Tip</name>
		<pose>Unspecified</pose>
		<truncated>0</truncated>
		<difficult>0</difficult>
		<occluded>0</occluded>
		<bndbox>
			<xmin>122</xmin>
			<xmax>169</xmax>
			<ymin>393</ymin>
			<ymax>434</ymax>
		</bndbox>
	</object>
</annotation>
