<annotation>
	<folder></folder>
	<filename>synthetic_gauge_43_png_jpg.rf.c937786f46f55677d261689564db3d43.jpg</filename>
	<path>synthetic_gauge_43_png_jpg.rf.c937786f46f55677d261689564db3d43.jpg</path>
	<source>
		<database>roboflow.com</database>
	</source>
	<size>
		<width>640</width>
		<height>640</height>
		<depth>3</depth>
	</size>
	<segmented>0</segmented>
	<object>
		<name>Needle_base</name>
		<pose>Unspecified</pose>
		<truncated>0</truncated>
		<difficult>0</difficult>
		<occluded>0</occluded>
		<bndbox>
			<xmin>285</xmin>
			<xmax>349</xmax>
			<ymin>292</ymin>
			<ymax>338</ymax>
		</bndbox>
	</object>
	<object>
		<name>Needle_Tip</name>
		<pose>Unspecified</pose>
		<truncated>0</truncated>
		<difficult>0</difficult>
		<occluded>0</occluded>
		<bndbox>
			<xmin>144</xmin>
			<xmax>196</xmax>
			<ymin>405</ymin>
			<ymax>444</ymax>
		</bndbox>
	</object>
</annotation>
