<annotation>
	<folder></folder>
	<filename>synthetic_gauge_81_png_jpg.rf.7b61cc161ede2130646b1b615402ae9a.jpg</filename>
	<path>synthetic_gauge_81_png_jpg.rf.7b61cc161ede2130646b1b615402ae9a.jpg</path>
	<source>
		<database>roboflow.com</database>
	</source>
	<size>
		<width>640</width>
		<height>640</height>
		<depth>3</depth>
	</size>
	<segmented>0</segmented>
	<object>
		<name>Needle_base</name>
		<pose>Unspecified</pose>
		<truncated>0</truncated>
		<difficult>0</difficult>
		<occluded>0</occluded>
		<bndbox>
			<xmin>294</xmin>
			<xmax>355</xmax>
			<ymin>293</ymin>
			<ymax>359</ymax>
		</bndbox>
	</object>
	<object>
		<name>Needle_Tip</name>
		<pose>Unspecified</pose>
		<truncated>0</truncated>
		<difficult>0</difficult>
		<occluded>0</occluded>
		<bndbox>
			<xmin>373</xmin>
			<xmax>469</xmax>
			<ymin>440</ymin>
			<ymax>508</ymax>
		</bndbox>
	</object>
</annotation>
