<annotation>
	<folder></folder>
	<filename>synthetic_gauge_15_png_jpg.rf.9e6436a8b47aa9f5f7f45f6ec5980e4f.jpg</filename>
	<path>synthetic_gauge_15_png_jpg.rf.9e6436a8b47aa9f5f7f45f6ec5980e4f.jpg</path>
	<source>
		<database>roboflow.com</database>
	</source>
	<size>
		<width>640</width>
		<height>640</height>
		<depth>3</depth>
	</size>
	<segmented>0</segmented>
	<object>
		<name>Needle_base</name>
		<pose>Unspecified</pose>
		<truncated>0</truncated>
		<difficult>0</difficult>
		<occluded>0</occluded>
		<bndbox>
			<xmin>299</xmin>
			<xmax>361</xmax>
			<ymin>285</ymin>
			<ymax>358</ymax>
		</bndbox>
	</object>
	<object>
		<name>Needle_Tip</name>
		<pose>Unspecified</pose>
		<truncated>0</truncated>
		<difficult>0</difficult>
		<occluded>0</occluded>
		<bndbox>
			<xmin>122</xmin>
			<xmax>169</xmax>
			<ymin>240</ymin>
			<ymax>281</ymax>
		</bndbox>
	</object>
</annotation>
