<annotation>
	<folder></folder>
	<filename>synthetic_gauge_37_png_jpg.rf.c9fe72766848e7cef7d4f86683faab60.jpg</filename>
	<path>synthetic_gauge_37_png_jpg.rf.c9fe72766848e7cef7d4f86683faab60.jpg</path>
	<source>
		<database>roboflow.com</database>
	</source>
	<size>
		<width>640</width>
		<height>640</height>
		<depth>3</depth>
	</size>
	<segmented>0</segmented>
	<object>
		<name>Needle_base</name>
		<pose>Unspecified</pose>
		<truncated>0</truncated>
		<difficult>0</difficult>
		<occluded>0</occluded>
		<bndbox>
			<xmin>301</xmin>
			<xmax>340</xmax>
			<ymin>296</ymin>
			<ymax>349</ymax>
		</bndbox>
	</object>
	<object>
		<name>Needle_Tip</name>
		<pose>Unspecified</pose>
		<truncated>0</truncated>
		<difficult>0</difficult>
		<occluded>0</occluded>
		<bndbox>
			<xmin>312</xmin>
			<xmax>362</xmax>
			<ymin>478</ymin>
			<ymax>531</ymax>
		</bndbox>
	</object>
</annotation>
