<annotation>
	<folder></folder>
	<filename>synthetic_gauge_35_png_jpg.rf.c009a3af41e5170cadbde052378eaf3e.jpg</filename>
	<path>synthetic_gauge_35_png_jpg.rf.c009a3af41e5170cadbde052378eaf3e.jpg</path>
	<source>
		<database>roboflow.com</database>
	</source>
	<size>
		<width>640</width>
		<height>640</height>
		<depth>3</depth>
	</size>
	<segmented>0</segmented>
	<object>
		<name>Needle_base</name>
		<pose>Unspecified</pose>
		<truncated>0</truncated>
		<difficult>0</difficult>
		<occluded>0</occluded>
		<bndbox>
			<xmin>285</xmin>
			<xmax>358</xmax>
			<ymin>299</ymin>
			<ymax>361</ymax>
		</bndbox>
	</object>
	<object>
		<name>Needle_Tip</name>
		<pose>Unspecified</pose>
		<truncated>0</truncated>
		<difficult>0</difficult>
		<occluded>0</occluded>
		<bndbox>
			<xmin>459</xmin>
			<xmax>500</xmax>
			<ymin>371</ymin>
			<ymax>418</ymax>
		</bndbox>
	</object>
</annotation>
