<annotation>
	<folder></folder>
	<filename>synthetic_gauge_74_png_jpg.rf.d2e639e0741b6932ccc320ae17332339.jpg</filename>
	<path>synthetic_gauge_74_png_jpg.rf.d2e639e0741b6932ccc320ae17332339.jpg</path>
	<source>
		<database>roboflow.com</database>
	</source>
	<size>
		<width>640</width>
		<height>640</height>
		<depth>3</depth>
	</size>
	<segmented>0</segmented>
	<object>
		<name>Needle_base</name>
		<pose>Unspecified</pose>
		<truncated>0</truncated>
		<difficult>0</difficult>
		<occluded>0</occluded>
		<bndbox>
			<xmin>285</xmin>
			<xmax>358</xmax>
			<ymin>299</ymin>
			<ymax>361</ymax>
		</bndbox>
	</object>
	<object>
		<name>Needle_Tip</name>
		<pose>Unspecified</pose>
		<truncated>0</truncated>
		<difficult>0</difficult>
		<occluded>0</occluded>
		<bndbox>
			<xmin>350</xmin>
			<xmax>392</xmax>
			<ymin>480</ymin>
			<ymax>527</ymax>
		</bndbox>
	</object>
</annotation>
