<annotation>
	<folder></folder>
	<filename>synthetic_gauge_44_png_jpg.rf.c6b86d91d645e1669ba833fd084c1bc6.jpg</filename>
	<path>synthetic_gauge_44_png_jpg.rf.c6b86d91d645e1669ba833fd084c1bc6.jpg</path>
	<source>
		<database>roboflow.com</database>
	</source>
	<size>
		<width>640</width>
		<height>640</height>
		<depth>3</depth>
	</size>
	<segmented>0</segmented>
	<object>
		<name>Needle_Tip</name>
		<pose>Unspecified</pose>
		<truncated>0</truncated>
		<difficult>0</difficult>
		<occluded>0</occluded>
		<bndbox>
			<xmin>431</xmin>
			<xmax>495</xmax>
			<ymin>408</ymin>
			<ymax>464</ymax>
		</bndbox>
	</object>
	<object>
		<name>Needle_base</name>
		<pose>Unspecified</pose>
		<truncated>0</truncated>
		<difficult>0</difficult>
		<occluded>0</occluded>
		<bndbox>
			<xmin>304</xmin>
			<xmax>344</xmax>
			<ymin>292</ymin>
			<ymax>354</ymax>
		</bndbox>
	</object>
</annotation>
