<annotation>
	<folder></folder>
	<filename>synthetic_gauge_58_png_jpg.rf.e5bc608046d20bab07e7e68053addfdd.jpg</filename>
	<path>synthetic_gauge_58_png_jpg.rf.e5bc608046d20bab07e7e68053addfdd.jpg</path>
	<source>
		<database>roboflow.com</database>
	</source>
	<size>
		<width>640</width>
		<height>640</height>
		<depth>3</depth>
	</size>
	<segmented>0</segmented>
	<object>
		<name>Needle_base</name>
		<pose>Unspecified</pose>
		<truncated>0</truncated>
		<difficult>0</difficult>
		<occluded>0</occluded>
		<bndbox>
			<xmin>285</xmin>
			<xmax>358</xmax>
			<ymin>281</ymin>
			<ymax>343</ymax>
		</bndbox>
	</object>
	<object>
		<name>Needle_Tip</name>
		<pose>Unspecified</pose>
		<truncated>0</truncated>
		<difficult>0</difficult>
		<occluded>0</occluded>
		<bndbox>
			<xmin>170</xmin>
			<xmax>201</xmax>
			<ymin>172</ymin>
			<ymax>218</ymax>
		</bndbox>
	</object>
</annotation>
