<annotation>
	<folder></folder>
	<filename>synthetic_gauge_45_png_jpg.rf.4cf3c4f39efb2048f8c249936a0b3db4.jpg</filename>
	<path>synthetic_gauge_45_png_jpg.rf.4cf3c4f39efb2048f8c249936a0b3db4.jpg</path>
	<source>
		<database>roboflow.com</database>
	</source>
	<size>
		<width>640</width>
		<height>640</height>
		<depth>3</depth>
	</size>
	<segmented>0</segmented>
	<object>
		<name>Needle_base</name>
		<pose>Unspecified</pose>
		<truncated>0</truncated>
		<difficult>0</difficult>
		<occluded>0</occluded>
		<bndbox>
			<xmin>289</xmin>
			<xmax>347</xmax>
			<ymin>308</ymin>
			<ymax>338</ymax>
		</bndbox>
	</object>
	<object>
		<name>Needle_Tip</name>
		<pose>Unspecified</pose>
		<truncated>0</truncated>
		<difficult>0</difficult>
		<occluded>0</occluded>
		<bndbox>
			<xmin>211</xmin>
			<xmax>256</xmax>
			<ymin>419</ymin>
			<ymax>512</ymax>
		</bndbox>
	</object>
</annotation>
