<annotation>
	<folder></folder>
	<filename>synthetic_gauge_21_png_jpg.rf.57d763a242d8ac0f8e7c416471f95da7.jpg</filename>
	<path>synthetic_gauge_21_png_jpg.rf.57d763a242d8ac0f8e7c416471f95da7.jpg</path>
	<source>
		<database>roboflow.com</database>
	</source>
	<size>
		<width>640</width>
		<height>640</height>
		<depth>3</depth>
	</size>
	<segmented>0</segmented>
	<object>
		<name>Needle_base</name>
		<pose>Unspecified</pose>
		<truncated>0</truncated>
		<difficult>0</difficult>
		<occluded>0</occluded>
		<bndbox>
			<xmin>295</xmin>
			<xmax>350</xmax>
			<ymin>286</ymin>
			<ymax>359</ymax>
		</bndbox>
	</object>
	<object>
		<name>Needle_Tip</name>
		<pose>Unspecified</pose>
		<truncated>0</truncated>
		<difficult>0</difficult>
		<occluded>0</occluded>
		<bndbox>
			<xmin>427</xmin>
			<xmax>469</xmax>
			<ymin>432</ymin>
			<ymax>483</ymax>
		</bndbox>
	</object>
</annotation>
