<annotation>
	<folder></folder>
	<filename>synthetic_gauge_38_png_jpg.rf.fb0993140be450b4a175db61cbab142e.jpg</filename>
	<path>synthetic_gauge_38_png_jpg.rf.fb0993140be450b4a175db61cbab142e.jpg</path>
	<source>
		<database>roboflow.com</database>
	</source>
	<size>
		<width>640</width>
		<height>640</height>
		<depth>3</depth>
	</size>
	<segmented>0</segmented>
	<object>
		<name>Needle_base</name>
		<pose>Unspecified</pose>
		<truncated>0</truncated>
		<difficult>0</difficult>
		<occluded>0</occluded>
		<bndbox>
			<xmin>299</xmin>
			<xmax>343</xmax>
			<ymin>297</ymin>
			<ymax>345</ymax>
		</bndbox>
	</object>
	<object>
		<name>Needle_Tip</name>
		<pose>Unspecified</pose>
		<truncated>0</truncated>
		<difficult>0</difficult>
		<occluded>0</occluded>
		<bndbox>
			<xmin>136</xmin>
			<xmax>174</xmax>
			<ymin>392</ymin>
			<ymax>417</ymax>
		</bndbox>
	</object>
</annotation>
