<annotation>
	<folder></folder>
	<filename>synthetic_gauge_6_png_jpg.rf.e9414ea0cd7f7b070694215705aca1e8.jpg</filename>
	<path>synthetic_gauge_6_png_jpg.rf.e9414ea0cd7f7b070694215705aca1e8.jpg</path>
	<source>
		<database>roboflow.com</database>
	</source>
	<size>
		<width>640</width>
		<height>640</height>
		<depth>3</depth>
	</size>
	<segmented>0</segmented>
	<object>
		<name>Needle_base</name>
		<pose>Unspecified</pose>
		<truncated>0</truncated>
		<difficult>0</difficult>
		<occluded>0</occluded>
		<bndbox>
			<xmin>281</xmin>
			<xmax>343</xmax>
			<ymin>285</ymin>
			<ymax>358</ymax>
		</bndbox>
	</object>
	<object>
		<name>Needle_Tip</name>
		<pose>Unspecified</pose>
		<truncated>0</truncated>
		<difficult>0</difficult>
		<occluded>0</occluded>
		<bndbox>
			<xmin>207</xmin>
			<xmax>253</xmax>
			<ymin>144</ymin>
			<ymax>175</ymax>
		</bndbox>
	</object>
</annotation>
