<annotation>
	<folder></folder>
	<filename>synthetic_gauge_17_png_jpg.rf.27d74e3ea2d1d31352e7a8ca4e296ee2.jpg</filename>
	<path>synthetic_gauge_17_png_jpg.rf.27d74e3ea2d1d31352e7a8ca4e296ee2.jpg</path>
	<source>
		<database>roboflow.com</database>
	</source>
	<size>
		<width>640</width>
		<height>640</height>
		<depth>3</depth>
	</size>
	<segmented>0</segmented>
	<object>
		<name>Needle_base</name>
		<pose>Unspecified</pose>
		<truncated>0</truncated>
		<difficult>0</difficult>
		<occluded>0</occluded>
		<bndbox>
			<xmin>299</xmin>
			<xmax>361</xmax>
			<ymin>284</ymin>
			<ymax>357</ymax>
		</bndbox>
	</object>
	<object>
		<name>Needle_Tip</name>
		<pose>Unspecified</pose>
		<truncated>0</truncated>
		<difficult>0</difficult>
		<occluded>0</occluded>
		<bndbox>
			<xmin>114</xmin>
			<xmax>161</xmax>
			<ymin>344</ymin>
			<ymax>386</ymax>
		</bndbox>
	</object>
</annotation>
