<annotation>
	<folder></folder>
	<filename>synthetic_gauge_94_png_jpg.rf.f01765842faf2acf9cf588de7c53a0c2.jpg</filename>
	<path>synthetic_gauge_94_png_jpg.rf.f01765842faf2acf9cf588de7c53a0c2.jpg</path>
	<source>
		<database>roboflow.com</database>
	</source>
	<size>
		<width>640</width>
		<height>640</height>
		<depth>3</depth>
	</size>
	<segmented>0</segmented>
	<object>
		<name>Needle_base</name>
		<pose>Unspecified</pose>
		<truncated>0</truncated>
		<difficult>0</difficult>
		<occluded>0</occluded>
		<bndbox>
			<xmin>285</xmin>
			<xmax>358</xmax>
			<ymin>299</ymin>
			<ymax>361</ymax>
		</bndbox>
	</object>
	<object>
		<name>Needle_Tip</name>
		<pose>Unspecified</pose>
		<truncated>0</truncated>
		<difficult>0</difficult>
		<occluded>0</occluded>
		<bndbox>
			<xmin>381</xmin>
			<xmax>423</xmax>
			<ymin>139</ymin>
			<ymax>185</ymax>
		</bndbox>
	</object>
</annotation>
