<annotation>
	<folder></folder>
	<filename>synthetic_gauge_41_png_jpg.rf.d88a15f80af8d233bc109c4f0ae940f0.jpg</filename>
	<path>synthetic_gauge_41_png_jpg.rf.d88a15f80af8d233bc109c4f0ae940f0.jpg</path>
	<source>
		<database>roboflow.com</database>
	</source>
	<size>
		<width>640</width>
		<height>640</height>
		<depth>3</depth>
	</size>
	<segmented>0</segmented>
	<object>
		<name>Needle_base</name>
		<pose>Unspecified</pose>
		<truncated>0</truncated>
		<difficult>0</difficult>
		<occluded>0</occluded>
		<bndbox>
			<xmin>281</xmin>
			<xmax>343</xmax>
			<ymin>284</ymin>
			<ymax>357</ymax>
		</bndbox>
	</object>
	<object>
		<name>Needle_Tip</name>
		<pose>Unspecified</pose>
		<truncated>0</truncated>
		<difficult>0</difficult>
		<occluded>0</occluded>
		<bndbox>
			<xmin>478</xmin>
			<xmax>525</xmax>
			<ymin>356</ymin>
			<ymax>397</ymax>
		</bndbox>
	</object>
</annotation>
