<annotation>
	<folder></folder>
	<filename>synthetic_gauge_81_png_jpg.rf.c85603e136fc257fd8a734693975819f.jpg</filename>
	<path>synthetic_gauge_81_png_jpg.rf.c85603e136fc257fd8a734693975819f.jpg</path>
	<source>
		<database>roboflow.com</database>
	</source>
	<size>
		<width>640</width>
		<height>640</height>
		<depth>3</depth>
	</size>
	<segmented>0</segmented>
	<object>
		<name>Needle_base</name>
		<pose>Unspecified</pose>
		<truncated>0</truncated>
		<difficult>0</difficult>
		<occluded>0</occluded>
		<bndbox>
			<xmin>287</xmin>
			<xmax>348</xmax>
			<ymin>283</ymin>
			<ymax>349</ymax>
		</bndbox>
	</object>
	<object>
		<name>Needle_Tip</name>
		<pose>Unspecified</pose>
		<truncated>0</truncated>
		<difficult>0</difficult>
		<occluded>0</occluded>
		<bndbox>
			<xmin>173</xmin>
			<xmax>269</xmax>
			<ymin>134</ymin>
			<ymax>202</ymax>
		</bndbox>
	</object>
</annotation>
