<annotation>
	<folder></folder>
	<filename>synthetic_gauge_15_png_jpg.rf.ec2ba7d0808e1369692df500eab98be7.jpg</filename>
	<path>synthetic_gauge_15_png_jpg.rf.ec2ba7d0808e1369692df500eab98be7.jpg</path>
	<source>
		<database>roboflow.com</database>
	</source>
	<size>
		<width>640</width>
		<height>640</height>
		<depth>3</depth>
	</size>
	<segmented>0</segmented>
	<object>
		<name>Needle_base</name>
		<pose>Unspecified</pose>
		<truncated>0</truncated>
		<difficult>0</difficult>
		<occluded>0</occluded>
		<bndbox>
			<xmin>285</xmin>
			<xmax>358</xmax>
			<ymin>299</ymin>
			<ymax>361</ymax>
		</bndbox>
	</object>
	<object>
		<name>Needle_Tip</name>
		<pose>Unspecified</pose>
		<truncated>0</truncated>
		<difficult>0</difficult>
		<occluded>0</occluded>
		<bndbox>
			<xmin>240</xmin>
			<xmax>281</xmax>
			<ymin>122</ymin>
			<ymax>169</ymax>
		</bndbox>
	</object>
</annotation>
