<annotation>
	<folder></folder>
	<filename>synthetic_gauge_91_png_jpg.rf.140c5244d43145184a7560e3bcdd70a2.jpg</filename>
	<path>synthetic_gauge_91_png_jpg.rf.140c5244d43145184a7560e3bcdd70a2.jpg</path>
	<source>
		<database>roboflow.com</database>
	</source>
	<size>
		<width>640</width>
		<height>640</height>
		<depth>3</depth>
	</size>
	<segmented>0</segmented>
	<object>
		<name>Needle_base</name>
		<pose>Unspecified</pose>
		<truncated>0</truncated>
		<difficult>0</difficult>
		<occluded>0</occluded>
		<bndbox>
			<xmin>281</xmin>
			<xmax>343</xmax>
			<ymin>285</ymin>
			<ymax>358</ymax>
		</bndbox>
	</object>
	<object>
		<name>Needle_Tip</name>
		<pose>Unspecified</pose>
		<truncated>0</truncated>
		<difficult>0</difficult>
		<occluded>0</occluded>
		<bndbox>
			<xmin>268</xmin>
			<xmax>314</xmax>
			<ymin>115</ymin>
			<ymax>156</ymax>
		</bndbox>
	</object>
</annotation>
