<annotation>
	<folder></folder>
	<filename>synthetic_gauge_4_png_jpg.rf.8c789ce3210aecf60981d4f302cf8189.jpg</filename>
	<path>synthetic_gauge_4_png_jpg.rf.8c789ce3210aecf60981d4f302cf8189.jpg</path>
	<source>
		<database>roboflow.com</database>
	</source>
	<size>
		<width>640</width>
		<height>640</height>
		<depth>3</depth>
	</size>
	<segmented>0</segmented>
	<object>
		<name>Needle_Tip</name>
		<pose>Unspecified</pose>
		<truncated>0</truncated>
		<difficult>0</difficult>
		<occluded>0</occluded>
		<bndbox>
			<xmin>463</xmin>
			<xmax>526</xmax>
			<ymin>330</ymin>
			<ymax>393</ymax>
		</bndbox>
	</object>
	<object>
		<name>Needle_base</name>
		<pose>Unspecified</pose>
		<truncated>0</truncated>
		<difficult>0</difficult>
		<occluded>0</occluded>
		<bndbox>
			<xmin>270</xmin>
			<xmax>365</xmax>
			<ymin>290</ymin>
			<ymax>357</ymax>
		</bndbox>
	</object>
</annotation>
