<annotation>
	<folder></folder>
	<filename>synthetic_gauge_61_png_jpg.rf.8182f4d69f6c08c2f1957c71ce1f8b88.jpg</filename>
	<path>synthetic_gauge_61_png_jpg.rf.8182f4d69f6c08c2f1957c71ce1f8b88.jpg</path>
	<source>
		<database>roboflow.com</database>
	</source>
	<size>
		<width>640</width>
		<height>640</height>
		<depth>3</depth>
	</size>
	<segmented>0</segmented>
	<object>
		<name>Needle_base</name>
		<pose>Unspecified</pose>
		<truncated>0</truncated>
		<difficult>0</difficult>
		<occluded>0</occluded>
		<bndbox>
			<xmin>281</xmin>
			<xmax>343</xmax>
			<ymin>284</ymin>
			<ymax>357</ymax>
		</bndbox>
	</object>
	<object>
		<name>Needle_Tip</name>
		<pose>Unspecified</pose>
		<truncated>0</truncated>
		<difficult>0</difficult>
		<occluded>0</occluded>
		<bndbox>
			<xmin>414</xmin>
			<xmax>461</xmax>
			<ymin>160</ymin>
			<ymax>202</ymax>
		</bndbox>
	</object>
</annotation>
