<annotation>
	<folder></folder>
	<filename>synthetic_gauge_19_png_jpg.rf.b33fc133ae56981efeee032a0991d2ba.jpg</filename>
	<path>synthetic_gauge_19_png_jpg.rf.b33fc133ae56981efeee032a0991d2ba.jpg</path>
	<source>
		<database>roboflow.com</database>
	</source>
	<size>
		<width>640</width>
		<height>640</height>
		<depth>3</depth>
	</size>
	<segmented>0</segmented>
	<object>
		<name>Needle_base</name>
		<pose>Unspecified</pose>
		<truncated>0</truncated>
		<difficult>0</difficult>
		<occluded>0</occluded>
		<bndbox>
			<xmin>284</xmin>
			<xmax>357</xmax>
			<ymin>299</ymin>
			<ymax>361</ymax>
		</bndbox>
	</object>
	<object>
		<name>Needle_Tip</name>
		<pose>Unspecified</pose>
		<truncated>0</truncated>
		<difficult>0</difficult>
		<occluded>0</occluded>
		<bndbox>
			<xmin>481</xmin>
			<xmax>523</xmax>
			<ymin>342</ymin>
			<ymax>389</ymax>
		</bndbox>
	</object>
</annotation>
