<annotation>
	<folder></folder>
	<filename>synthetic_gauge_92_png_jpg.rf.64e34047f670e33222122d0ae3805346.jpg</filename>
	<path>synthetic_gauge_92_png_jpg.rf.64e34047f670e33222122d0ae3805346.jpg</path>
	<source>
		<database>roboflow.com</database>
	</source>
	<size>
		<width>640</width>
		<height>640</height>
		<depth>3</depth>
	</size>
	<segmented>0</segmented>
	<object>
		<name>Needle_Tip</name>
		<pose>Unspecified</pose>
		<truncated>0</truncated>
		<difficult>0</difficult>
		<occluded>0</occluded>
		<bndbox>
			<xmin>184</xmin>
			<xmax>252</xmax>
			<ymin>141</ymin>
			<ymax>198</ymax>
		</bndbox>
	</object>
	<object>
		<name>Needle_base</name>
		<pose>Unspecified</pose>
		<truncated>0</truncated>
		<difficult>0</difficult>
		<occluded>0</occluded>
		<bndbox>
			<xmin>290</xmin>
			<xmax>383</xmax>
			<ymin>295</ymin>
			<ymax>366</ymax>
		</bndbox>
	</object>
</annotation>
