<annotation>
	<folder></folder>
	<filename>synthetic_gauge_0_png_jpg.rf.4756a2adfa42dc8542306473c87a53f6.jpg</filename>
	<path>synthetic_gauge_0_png_jpg.rf.4756a2adfa42dc8542306473c87a53f6.jpg</path>
	<source>
		<database>roboflow.com</database>
	</source>
	<size>
		<width>640</width>
		<height>640</height>
		<depth>3</depth>
	</size>
	<segmented>0</segmented>
	<object>
		<name>Needle_base</name>
		<pose>Unspecified</pose>
		<truncated>0</truncated>
		<difficult>0</difficult>
		<occluded>0</occluded>
		<bndbox>
			<xmin>302</xmin>
			<xmax>347</xmax>
			<ymin>279</ymin>
			<ymax>363</ymax>
		</bndbox>
	</object>
	<object>
		<name>Needle_Tip</name>
		<pose>Unspecified</pose>
		<truncated>0</truncated>
		<difficult>0</difficult>
		<occluded>0</occluded>
		<bndbox>
			<xmin>376</xmin>
			<xmax>436</xmax>
			<ymin>463</ymin>
			<ymax>513</ymax>
		</bndbox>
	</object>
</annotation>
