<annotation>
	<folder></folder>
	<filename>synthetic_gauge_8_png_jpg.rf.92d01e46eb1f5059ccc9dde4ae7a7cf3.jpg</filename>
	<path>synthetic_gauge_8_png_jpg.rf.92d01e46eb1f5059ccc9dde4ae7a7cf3.jpg</path>
	<source>
		<database>roboflow.com</database>
	</source>
	<size>
		<width>640</width>
		<height>640</height>
		<depth>3</depth>
	</size>
	<segmented>0</segmented>
	<object>
		<name>Needle_base</name>
		<pose>Unspecified</pose>
		<truncated>0</truncated>
		<difficult>0</difficult>
		<occluded>0</occluded>
		<bndbox>
			<xmin>293</xmin>
			<xmax>351</xmax>
			<ymin>290</ymin>
			<ymax>352</ymax>
		</bndbox>
	</object>
	<object>
		<name>Needle_Tip</name>
		<pose>Unspecified</pose>
		<truncated>0</truncated>
		<difficult>0</difficult>
		<occluded>0</occluded>
		<bndbox>
			<xmin>117</xmin>
			<xmax>182</xmax>
			<ymin>277</ymin>
			<ymax>340</ymax>
		</bndbox>
	</object>
</annotation>
