<annotation>
	<folder></folder>
	<filename>synthetic_gauge_17_png_jpg.rf.474848e9607a7905c62907ca801b48af.jpg</filename>
	<path>synthetic_gauge_17_png_jpg.rf.474848e9607a7905c62907ca801b48af.jpg</path>
	<source>
		<database>roboflow.com</database>
	</source>
	<size>
		<width>640</width>
		<height>640</height>
		<depth>3</depth>
	</size>
	<segmented>0</segmented>
	<object>
		<name>Needle_base</name>
		<pose>Unspecified</pose>
		<truncated>0</truncated>
		<difficult>0</difficult>
		<occluded>0</occluded>
		<bndbox>
			<xmin>285</xmin>
			<xmax>358</xmax>
			<ymin>281</ymin>
			<ymax>343</ymax>
		</bndbox>
	</object>
	<object>
		<name>Needle_Tip</name>
		<pose>Unspecified</pose>
		<truncated>0</truncated>
		<difficult>0</difficult>
		<occluded>0</occluded>
		<bndbox>
			<xmin>256</xmin>
			<xmax>298</xmax>
			<ymin>481</ymin>
			<ymax>528</ymax>
		</bndbox>
	</object>
</annotation>
