<annotation>
	<folder></folder>
	<filename>synthetic_gauge_91_png_jpg.rf.7cdf6ff5feaf341990d04645e57c06a2.jpg</filename>
	<path>synthetic_gauge_91_png_jpg.rf.7cdf6ff5feaf341990d04645e57c06a2.jpg</path>
	<source>
		<database>roboflow.com</database>
	</source>
	<size>
		<width>640</width>
		<height>640</height>
		<depth>3</depth>
	</size>
	<segmented>0</segmented>
	<object>
		<name>Needle_base</name>
		<pose>Unspecified</pose>
		<truncated>0</truncated>
		<difficult>0</difficult>
		<occluded>0</occluded>
		<bndbox>
			<xmin>284</xmin>
			<xmax>357</xmax>
			<ymin>281</ymin>
			<ymax>343</ymax>
		</bndbox>
	</object>
	<object>
		<name>Needle_Tip</name>
		<pose>Unspecified</pose>
		<truncated>0</truncated>
		<difficult>0</difficult>
		<occluded>0</occluded>
		<bndbox>
			<xmin>486</xmin>
			<xmax>527</xmax>
			<ymin>268</ymin>
			<ymax>314</ymax>
		</bndbox>
	</object>
</annotation>
