<annotation>
	<folder></folder>
	<filename>synthetic_gauge_31_png_jpg.rf.72ad1907eaf39c41f94f3619f20a46f0.jpg</filename>
	<path>synthetic_gauge_31_png_jpg.rf.72ad1907eaf39c41f94f3619f20a46f0.jpg</path>
	<source>
		<database>roboflow.com</database>
	</source>
	<size>
		<width>640</width>
		<height>640</height>
		<depth>3</depth>
	</size>
	<segmented>0</segmented>
	<object>
		<name>Needle_base</name>
		<pose>Unspecified</pose>
		<truncated>0</truncated>
		<difficult>0</difficult>
		<occluded>0</occluded>
		<bndbox>
			<xmin>286</xmin>
			<xmax>349</xmax>
			<ymin>286</ymin>
			<ymax>363</ymax>
		</bndbox>
	</object>
	<object>
		<name>Needle_Tip</name>
		<pose>Unspecified</pose>
		<truncated>0</truncated>
		<difficult>0</difficult>
		<occluded>0</occluded>
		<bndbox>
			<xmin>457</xmin>
			<xmax>532</xmax>
			<ymin>298</ymin>
			<ymax>339</ymax>
		</bndbox>
	</object>
</annotation>
