<annotation>
	<folder></folder>
	<filename>synthetic_gauge_62_png_jpg.rf.99cef1c6b35cc79bb8676ddad2b5ba31.jpg</filename>
	<path>synthetic_gauge_62_png_jpg.rf.99cef1c6b35cc79bb8676ddad2b5ba31.jpg</path>
	<source>
		<database>roboflow.com</database>
	</source>
	<size>
		<width>640</width>
		<height>640</height>
		<depth>3</depth>
	</size>
	<segmented>0</segmented>
	<object>
		<name>Needle_base</name>
		<pose>Unspecified</pose>
		<truncated>0</truncated>
		<difficult>0</difficult>
		<occluded>0</occluded>
		<bndbox>
			<xmin>281</xmin>
			<xmax>343</xmax>
			<ymin>285</ymin>
			<ymax>358</ymax>
		</bndbox>
	</object>
	<object>
		<name>Needle_Tip</name>
		<pose>Unspecified</pose>
		<truncated>0</truncated>
		<difficult>0</difficult>
		<occluded>0</occluded>
		<bndbox>
			<xmin>480</xmin>
			<xmax>527</xmax>
			<ymin>327</ymin>
			<ymax>368</ymax>
		</bndbox>
	</object>
</annotation>
