<annotation>
	<folder></folder>
	<filename>synthetic_gauge_77_png_jpg.rf.38659983b908ae8b508de66895fab974.jpg</filename>
	<path>synthetic_gauge_77_png_jpg.rf.38659983b908ae8b508de66895fab974.jpg</path>
	<source>
		<database>roboflow.com</database>
	</source>
	<size>
		<width>640</width>
		<height>640</height>
		<depth>3</depth>
	</size>
	<segmented>0</segmented>
	<object>
		<name>Needle_base</name>
		<pose>Unspecified</pose>
		<truncated>0</truncated>
		<difficult>0</difficult>
		<occluded>0</occluded>
		<bndbox>
			<xmin>281</xmin>
			<xmax>346</xmax>
			<ymin>285</ymin>
			<ymax>346</ymax>
		</bndbox>
	</object>
	<object>
		<name>Needle_Tip</name>
		<pose>Unspecified</pose>
		<truncated>0</truncated>
		<difficult>0</difficult>
		<occluded>0</occluded>
		<bndbox>
			<xmin>467</xmin>
			<xmax>533</xmax>
			<ymin>339</ymin>
			<ymax>401</ymax>
		</bndbox>
	</object>
</annotation>
