<annotation>
	<folder></folder>
	<filename>synthetic_gauge_7_png_jpg.rf.18530e53e29d73cbe59d77f5241ede19.jpg</filename>
	<path>synthetic_gauge_7_png_jpg.rf.18530e53e29d73cbe59d77f5241ede19.jpg</path>
	<source>
		<database>roboflow.com</database>
	</source>
	<size>
		<width>640</width>
		<height>640</height>
		<depth>3</depth>
	</size>
	<segmented>0</segmented>
	<object>
		<name>Needle_base</name>
		<pose>Unspecified</pose>
		<truncated>0</truncated>
		<difficult>0</difficult>
		<occluded>0</occluded>
		<bndbox>
			<xmin>284</xmin>
			<xmax>353</xmax>
			<ymin>295</ymin>
			<ymax>345</ymax>
		</bndbox>
	</object>
	<object>
		<name>Needle_Tip</name>
		<pose>Unspecified</pose>
		<truncated>0</truncated>
		<difficult>0</difficult>
		<occluded>0</occluded>
		<bndbox>
			<xmin>414</xmin>
			<xmax>464</xmax>
			<ymin>436</ymin>
			<ymax>484</ymax>
		</bndbox>
	</object>
</annotation>
