<annotation>
	<folder></folder>
	<filename>synthetic_gauge_74_png_jpg.rf.9bef0573a9d5fcaf246ccbf2d2f417a8.jpg</filename>
	<path>synthetic_gauge_74_png_jpg.rf.9bef0573a9d5fcaf246ccbf2d2f417a8.jpg</path>
	<source>
		<database>roboflow.com</database>
	</source>
	<size>
		<width>640</width>
		<height>640</height>
		<depth>3</depth>
	</size>
	<segmented>0</segmented>
	<object>
		<name>Needle_base</name>
		<pose>Unspecified</pose>
		<truncated>0</truncated>
		<difficult>0</difficult>
		<occluded>0</occluded>
		<bndbox>
			<xmin>281</xmin>
			<xmax>343</xmax>
			<ymin>285</ymin>
			<ymax>358</ymax>
		</bndbox>
	</object>
	<object>
		<name>Needle_Tip</name>
		<pose>Unspecified</pose>
		<truncated>0</truncated>
		<difficult>0</difficult>
		<occluded>0</occluded>
		<bndbox>
			<xmin>115</xmin>
			<xmax>162</xmax>
			<ymin>350</ymin>
			<ymax>392</ymax>
		</bndbox>
	</object>
</annotation>
