<annotation>
	<folder></folder>
	<filename>synthetic_gauge_59_png_jpg.rf.2da343df8bbbb228685278bbdbec70f6.jpg</filename>
	<path>synthetic_gauge_59_png_jpg.rf.2da343df8bbbb228685278bbdbec70f6.jpg</path>
	<source>
		<database>roboflow.com</database>
	</source>
	<size>
		<width>640</width>
		<height>640</height>
		<depth>3</depth>
	</size>
	<segmented>0</segmented>
	<object>
		<name>Needle_base</name>
		<pose>Unspecified</pose>
		<truncated>0</truncated>
		<difficult>0</difficult>
		<occluded>0</occluded>
		<bndbox>
			<xmin>293</xmin>
			<xmax>351</xmax>
			<ymin>291</ymin>
			<ymax>346</ymax>
		</bndbox>
	</object>
	<object>
		<name>Needle_Tip</name>
		<pose>Unspecified</pose>
		<truncated>0</truncated>
		<difficult>0</difficult>
		<occluded>0</occluded>
		<bndbox>
			<xmin>106</xmin>
			<xmax>177</xmax>
			<ymin>348</ymin>
			<ymax>403</ymax>
		</bndbox>
	</object>
</annotation>
