<annotation>
	<folder></folder>
	<filename>synthetic_gauge_69_png_jpg.rf.acc2611e5c6462e0b13458d4a327f871.jpg</filename>
	<path>synthetic_gauge_69_png_jpg.rf.acc2611e5c6462e0b13458d4a327f871.jpg</path>
	<source>
		<database>roboflow.com</database>
	</source>
	<size>
		<width>640</width>
		<height>640</height>
		<depth>3</depth>
	</size>
	<segmented>0</segmented>
	<object>
		<name>Needle_base</name>
		<pose>Unspecified</pose>
		<truncated>0</truncated>
		<difficult>0</difficult>
		<occluded>0</occluded>
		<bndbox>
			<xmin>284</xmin>
			<xmax>357</xmax>
			<ymin>299</ymin>
			<ymax>361</ymax>
		</bndbox>
	</object>
	<object>
		<name>Needle_Tip</name>
		<pose>Unspecified</pose>
		<truncated>0</truncated>
		<difficult>0</difficult>
		<occluded>0</occluded>
		<bndbox>
			<xmin>130</xmin>
			<xmax>172</xmax>
			<ymin>361</ymin>
			<ymax>407</ymax>
		</bndbox>
	</object>
</annotation>
