<annotation>
	<folder></folder>
	<filename>synthetic_gauge_39_png_jpg.rf.0b56f6409ece6902ffca2d0af29ba579.jpg</filename>
	<path>synthetic_gauge_39_png_jpg.rf.0b56f6409ece6902ffca2d0af29ba579.jpg</path>
	<source>
		<database>roboflow.com</database>
	</source>
	<size>
		<width>640</width>
		<height>640</height>
		<depth>3</depth>
	</size>
	<segmented>0</segmented>
	<object>
		<name>Needle_base</name>
		<pose>Unspecified</pose>
		<truncated>0</truncated>
		<difficult>0</difficult>
		<occluded>0</occluded>
		<bndbox>
			<xmin>289</xmin>
			<xmax>347</xmax>
			<ymin>304</ymin>
			<ymax>334</ymax>
		</bndbox>
	</object>
	<object>
		<name>Needle_Tip</name>
		<pose>Unspecified</pose>
		<truncated>0</truncated>
		<difficult>0</difficult>
		<occluded>0</occluded>
		<bndbox>
			<xmin>213</xmin>
			<xmax>258</xmax>
			<ymin>424</ymin>
			<ymax>517</ymax>
		</bndbox>
	</object>
</annotation>
