<annotation>
	<folder></folder>
	<filename>synthetic_gauge_55_png_jpg.rf.80a74f9ee87cef79a866131c64a46eb3.jpg</filename>
	<path>synthetic_gauge_55_png_jpg.rf.80a74f9ee87cef79a866131c64a46eb3.jpg</path>
	<source>
		<database>roboflow.com</database>
	</source>
	<size>
		<width>640</width>
		<height>640</height>
		<depth>3</depth>
	</size>
	<segmented>0</segmented>
	<object>
		<name>Needle_base</name>
		<pose>Unspecified</pose>
		<truncated>0</truncated>
		<difficult>0</difficult>
		<occluded>0</occluded>
		<bndbox>
			<xmin>284</xmin>
			<xmax>357</xmax>
			<ymin>281</ymin>
			<ymax>343</ymax>
		</bndbox>
	</object>
	<object>
		<name>Needle_Tip</name>
		<pose>Unspecified</pose>
		<truncated>0</truncated>
		<difficult>0</difficult>
		<occluded>0</occluded>
		<bndbox>
			<xmin>476</xmin>
			<xmax>518</xmax>
			<ymin>240</ymin>
			<ymax>286</ymax>
		</bndbox>
	</object>
</annotation>
