<annotation>
	<folder></folder>
	<filename>synthetic_gauge_66_png_jpg.rf.d3b5696c6d8a679a430ff08f1bd9c929.jpg</filename>
	<path>synthetic_gauge_66_png_jpg.rf.d3b5696c6d8a679a430ff08f1bd9c929.jpg</path>
	<source>
		<database>roboflow.com</database>
	</source>
	<size>
		<width>640</width>
		<height>640</height>
		<depth>3</depth>
	</size>
	<segmented>0</segmented>
	<object>
		<name>Needle_base</name>
		<pose>Unspecified</pose>
		<truncated>0</truncated>
		<difficult>0</difficult>
		<occluded>0</occluded>
		<bndbox>
			<xmin>284</xmin>
			<xmax>357</xmax>
			<ymin>281</ymin>
			<ymax>343</ymax>
		</bndbox>
	</object>
	<object>
		<name>Needle_Tip</name>
		<pose>Unspecified</pose>
		<truncated>0</truncated>
		<difficult>0</difficult>
		<occluded>0</occluded>
		<bndbox>
			<xmin>433</xmin>
			<xmax>474</xmax>
			<ymin>434</ymin>
			<ymax>480</ymax>
		</bndbox>
	</object>
</annotation>
