<annotation>
	<folder></folder>
	<filename>synthetic_gauge_40_png_jpg.rf.085025a28bbdd52d94485515ac5e8feb.jpg</filename>
	<path>synthetic_gauge_40_png_jpg.rf.085025a28bbdd52d94485515ac5e8feb.jpg</path>
	<source>
		<database>roboflow.com</database>
	</source>
	<size>
		<width>640</width>
		<height>640</height>
		<depth>3</depth>
	</size>
	<segmented>0</segmented>
	<object>
		<name>Needle_base</name>
		<pose>Unspecified</pose>
		<truncated>0</truncated>
		<difficult>0</difficult>
		<occluded>0</occluded>
		<bndbox>
			<xmin>285</xmin>
			<xmax>358</xmax>
			<ymin>299</ymin>
			<ymax>361</ymax>
		</bndbox>
	</object>
	<object>
		<name>Needle_Tip</name>
		<pose>Unspecified</pose>
		<truncated>0</truncated>
		<difficult>0</difficult>
		<occluded>0</occluded>
		<bndbox>
			<xmin>296</xmin>
			<xmax>337</xmax>
			<ymin>476</ymin>
			<ymax>523</ymax>
		</bndbox>
	</object>
</annotation>
