<annotation>
	<folder></folder>
	<filename>synthetic_gauge_0_png_jpg.rf.79bb37ea3e870b63aaac6dd24b4df5e9.jpg</filename>
	<path>synthetic_gauge_0_png_jpg.rf.79bb37ea3e870b63aaac6dd24b4df5e9.jpg</path>
	<source>
		<database>roboflow.com</database>
	</source>
	<size>
		<width>640</width>
		<height>640</height>
		<depth>3</depth>
	</size>
	<segmented>0</segmented>
	<object>
		<name>Needle_base</name>
		<pose>Unspecified</pose>
		<truncated>0</truncated>
		<difficult>0</difficult>
		<occluded>0</occluded>
		<bndbox>
			<xmin>279</xmin>
			<xmax>363</xmax>
			<ymin>302</ymin>
			<ymax>347</ymax>
		</bndbox>
	</object>
	<object>
		<name>Needle_Tip</name>
		<pose>Unspecified</pose>
		<truncated>0</truncated>
		<difficult>0</difficult>
		<occluded>0</occluded>
		<bndbox>
			<xmin>129</xmin>
			<xmax>179</xmax>
			<ymin>376</ymin>
			<ymax>436</ymax>
		</bndbox>
	</object>
</annotation>
