<annotation>
	<folder></folder>
	<filename>synthetic_gauge_23_png_jpg.rf.6f079be30b07d0a10e3fcc4d90db3cec.jpg</filename>
	<path>synthetic_gauge_23_png_jpg.rf.6f079be30b07d0a10e3fcc4d90db3cec.jpg</path>
	<source>
		<database>roboflow.com</database>
	</source>
	<size>
		<width>640</width>
		<height>640</height>
		<depth>3</depth>
	</size>
	<segmented>0</segmented>
	<object>
		<name>Needle_base</name>
		<pose>Unspecified</pose>
		<truncated>0</truncated>
		<difficult>0</difficult>
		<occluded>0</occluded>
		<bndbox>
			<xmin>289</xmin>
			<xmax>348</xmax>
			<ymin>299</ymin>
			<ymax>342</ymax>
		</bndbox>
	</object>
	<object>
		<name>Needle_Tip</name>
		<pose>Unspecified</pose>
		<truncated>0</truncated>
		<difficult>0</difficult>
		<occluded>0</occluded>
		<bndbox>
			<xmin>254</xmin>
			<xmax>304</xmax>
			<ymin>99</ymin>
			<ymax>178</ymax>
		</bndbox>
	</object>
</annotation>
