<annotation>
	<folder></folder>
	<filename>synthetic_gauge_75_png_jpg.rf.bc6fa77153eb452044988d6107990c21.jpg</filename>
	<path>synthetic_gauge_75_png_jpg.rf.bc6fa77153eb452044988d6107990c21.jpg</path>
	<source>
		<database>roboflow.com</database>
	</source>
	<size>
		<width>640</width>
		<height>640</height>
		<depth>3</depth>
	</size>
	<segmented>0</segmented>
	<object>
		<name>Needle_base</name>
		<pose>Unspecified</pose>
		<truncated>0</truncated>
		<difficult>0</difficult>
		<occluded>0</occluded>
		<bndbox>
			<xmin>289</xmin>
			<xmax>347</xmax>
			<ymin>286</ymin>
			<ymax>348</ymax>
		</bndbox>
	</object>
	<object>
		<name>Needle_Tip</name>
		<pose>Unspecified</pose>
		<truncated>0</truncated>
		<difficult>0</difficult>
		<occluded>0</occluded>
		<bndbox>
			<xmin>356</xmin>
			<xmax>429</xmax>
			<ymin>462</ymin>
			<ymax>516</ymax>
		</bndbox>
	</object>
</annotation>
