<annotation>
	<folder></folder>
	<filename>synthetic_gauge_83_png_jpg.rf.146acf5e826adf494a8e4095991d7977.jpg</filename>
	<path>synthetic_gauge_83_png_jpg.rf.146acf5e826adf494a8e4095991d7977.jpg</path>
	<source>
		<database>roboflow.com</database>
	</source>
	<size>
		<width>640</width>
		<height>640</height>
		<depth>3</depth>
	</size>
	<segmented>0</segmented>
	<object>
		<name>Needle_base</name>
		<pose>Unspecified</pose>
		<truncated>0</truncated>
		<difficult>0</difficult>
		<occluded>0</occluded>
		<bndbox>
			<xmin>285</xmin>
			<xmax>358</xmax>
			<ymin>299</ymin>
			<ymax>361</ymax>
		</bndbox>
	</object>
	<object>
		<name>Needle_Tip</name>
		<pose>Unspecified</pose>
		<truncated>0</truncated>
		<difficult>0</difficult>
		<occluded>0</occluded>
		<bndbox>
			<xmin>208</xmin>
			<xmax>249</xmax>
			<ymin>473</ymin>
			<ymax>520</ymax>
		</bndbox>
	</object>
</annotation>
