<annotation>
	<folder></folder>
	<filename>synthetic_gauge_33_png_jpg.rf.7cea86cf842cc9e295adb190ed728a06.jpg</filename>
	<path>synthetic_gauge_33_png_jpg.rf.7cea86cf842cc9e295adb190ed728a06.jpg</path>
	<source>
		<database>roboflow.com</database>
	</source>
	<size>
		<width>640</width>
		<height>640</height>
		<depth>3</depth>
	</size>
	<segmented>0</segmented>
	<object>
		<name>Needle_base</name>
		<pose>Unspecified</pose>
		<truncated>0</truncated>
		<difficult>0</difficult>
		<occluded>0</occluded>
		<bndbox>
			<xmin>307</xmin>
			<xmax>342</xmax>
			<ymin>295</ymin>
			<ymax>349</ymax>
		</bndbox>
	</object>
	<object>
		<name>Needle_Tip</name>
		<pose>Unspecified</pose>
		<truncated>0</truncated>
		<difficult>0</difficult>
		<occluded>0</occluded>
		<bndbox>
			<xmin>224</xmin>
			<xmax>263</xmax>
			<ymin>124</ymin>
			<ymax>206</ymax>
		</bndbox>
	</object>
</annotation>
