<annotation>
	<folder></folder>
	<filename>synthetic_gauge_50_png_jpg.rf.80ee10fad80c8f8679fd2392417e1b23.jpg</filename>
	<path>synthetic_gauge_50_png_jpg.rf.80ee10fad80c8f8679fd2392417e1b23.jpg</path>
	<source>
		<database>roboflow.com</database>
	</source>
	<size>
		<width>640</width>
		<height>640</height>
		<depth>3</depth>
	</size>
	<segmented>0</segmented>
	<object>
		<name>Needle_base</name>
		<pose>Unspecified</pose>
		<truncated>0</truncated>
		<difficult>0</difficult>
		<occluded>0</occluded>
		<bndbox>
			<xmin>285</xmin>
			<xmax>358</xmax>
			<ymin>299</ymin>
			<ymax>361</ymax>
		</bndbox>
	</object>
	<object>
		<name>Needle_Tip</name>
		<pose>Unspecified</pose>
		<truncated>0</truncated>
		<difficult>0</difficult>
		<occluded>0</occluded>
		<bndbox>
			<xmin>440</xmin>
			<xmax>482</xmax>
			<ymin>176</ymin>
			<ymax>222</ymax>
		</bndbox>
	</object>
</annotation>
