<annotation>
	<folder></folder>
	<filename>synthetic_gauge_81_png_jpg.rf.8cee6c36e0c650906b2de50c74f8adc2.jpg</filename>
	<path>synthetic_gauge_81_png_jpg.rf.8cee6c36e0c650906b2de50c74f8adc2.jpg</path>
	<source>
		<database>roboflow.com</database>
	</source>
	<size>
		<width>640</width>
		<height>640</height>
		<depth>3</depth>
	</size>
	<segmented>0</segmented>
	<object>
		<name>Needle_base</name>
		<pose>Unspecified</pose>
		<truncated>0</truncated>
		<difficult>0</difficult>
		<occluded>0</occluded>
		<bndbox>
			<xmin>294</xmin>
			<xmax>355</xmax>
			<ymin>283</ymin>
			<ymax>349</ymax>
		</bndbox>
	</object>
	<object>
		<name>Needle_Tip</name>
		<pose>Unspecified</pose>
		<truncated>0</truncated>
		<difficult>0</difficult>
		<occluded>0</occluded>
		<bndbox>
			<xmin>373</xmin>
			<xmax>469</xmax>
			<ymin>134</ymin>
			<ymax>202</ymax>
		</bndbox>
	</object>
</annotation>
