<annotation>
	<folder></folder>
	<filename>synthetic_gauge_64_png_jpg.rf.7cc3573a7066fb2cfd8ea91cabc7beb1.jpg</filename>
	<path>synthetic_gauge_64_png_jpg.rf.7cc3573a7066fb2cfd8ea91cabc7beb1.jpg</path>
	<source>
		<database>roboflow.com</database>
	</source>
	<size>
		<width>640</width>
		<height>640</height>
		<depth>3</depth>
	</size>
	<segmented>0</segmented>
	<object>
		<name>Needle_base</name>
		<pose>Unspecified</pose>
		<truncated>0</truncated>
		<difficult>0</difficult>
		<occluded>0</occluded>
		<bndbox>
			<xmin>275</xmin>
			<xmax>361</xmax>
			<ymin>280</ymin>
			<ymax>354</ymax>
		</bndbox>
	</object>
	<object>
		<name>Needle_Tip</name>
		<pose>Unspecified</pose>
		<truncated>0</truncated>
		<difficult>0</difficult>
		<occluded>0</occluded>
		<bndbox>
			<xmin>142</xmin>
			<xmax>217</xmax>
			<ymin>408</ymin>
			<ymax>469</ymax>
		</bndbox>
	</object>
</annotation>
