<annotation>
	<folder></folder>
	<filename>synthetic_gauge_83_png_jpg.rf.82d45127b797f611e4192be0851f6bee.jpg</filename>
	<path>synthetic_gauge_83_png_jpg.rf.82d45127b797f611e4192be0851f6bee.jpg</path>
	<source>
		<database>roboflow.com</database>
	</source>
	<size>
		<width>640</width>
		<height>640</height>
		<depth>3</depth>
	</size>
	<segmented>0</segmented>
	<object>
		<name>Needle_base</name>
		<pose>Unspecified</pose>
		<truncated>0</truncated>
		<difficult>0</difficult>
		<occluded>0</occluded>
		<bndbox>
			<xmin>299</xmin>
			<xmax>361</xmax>
			<ymin>284</ymin>
			<ymax>357</ymax>
		</bndbox>
	</object>
	<object>
		<name>Needle_Tip</name>
		<pose>Unspecified</pose>
		<truncated>0</truncated>
		<difficult>0</difficult>
		<occluded>0</occluded>
		<bndbox>
			<xmin>473</xmin>
			<xmax>520</xmax>
			<ymin>393</ymin>
			<ymax>434</ymax>
		</bndbox>
	</object>
</annotation>
