<annotation>
	<folder></folder>
	<filename>synthetic_gauge_92_png_jpg.rf.c8f4d4e81b96a91de07c6a94ef99bdfa.jpg</filename>
	<path>synthetic_gauge_92_png_jpg.rf.c8f4d4e81b96a91de07c6a94ef99bdfa.jpg</path>
	<source>
		<database>roboflow.com</database>
	</source>
	<size>
		<width>640</width>
		<height>640</height>
		<depth>3</depth>
	</size>
	<segmented>0</segmented>
	<object>
		<name>Needle_Tip</name>
		<pose>Unspecified</pose>
		<truncated>0</truncated>
		<difficult>0</difficult>
		<occluded>0</occluded>
		<bndbox>
			<xmin>390</xmin>
			<xmax>458</xmax>
			<ymin>141</ymin>
			<ymax>198</ymax>
		</bndbox>
	</object>
	<object>
		<name>Needle_base</name>
		<pose>Unspecified</pose>
		<truncated>0</truncated>
		<difficult>0</difficult>
		<occluded>0</occluded>
		<bndbox>
			<xmin>259</xmin>
			<xmax>352</xmax>
			<ymin>295</ymin>
			<ymax>366</ymax>
		</bndbox>
	</object>
</annotation>
