<annotation>
	<folder></folder>
	<filename>synthetic_gauge_72_png_jpg.rf.53d4519ec3f2202a5da7468695f8e04d.jpg</filename>
	<path>synthetic_gauge_72_png_jpg.rf.53d4519ec3f2202a5da7468695f8e04d.jpg</path>
	<source>
		<database>roboflow.com</database>
	</source>
	<size>
		<width>640</width>
		<height>640</height>
		<depth>3</depth>
	</size>
	<segmented>0</segmented>
	<object>
		<name>Needle_base</name>
		<pose>Unspecified</pose>
		<truncated>0</truncated>
		<difficult>0</difficult>
		<occluded>0</occluded>
		<bndbox>
			<xmin>288</xmin>
			<xmax>357</xmax>
			<ymin>287</ymin>
			<ymax>348</ymax>
		</bndbox>
	</object>
	<object>
		<name>Needle_Tip</name>
		<pose>Unspecified</pose>
		<truncated>0</truncated>
		<difficult>0</difficult>
		<occluded>0</occluded>
		<bndbox>
			<xmin>443</xmin>
			<xmax>537</xmax>
			<ymin>359</ymin>
			<ymax>432</ymax>
		</bndbox>
	</object>
</annotation>
