<annotation>
	<folder></folder>
	<filename>synthetic_gauge_90_png_jpg.rf.5ede2c6ba74f75c4c3ef61249a705ea5.jpg</filename>
	<path>synthetic_gauge_90_png_jpg.rf.5ede2c6ba74f75c4c3ef61249a705ea5.jpg</path>
	<source>
		<database>roboflow.com</database>
	</source>
	<size>
		<width>640</width>
		<height>640</height>
		<depth>3</depth>
	</size>
	<segmented>0</segmented>
	<object>
		<name>Needle_base</name>
		<pose>Unspecified</pose>
		<truncated>0</truncated>
		<difficult>0</difficult>
		<occluded>0</occluded>
		<bndbox>
			<xmin>299</xmin>
			<xmax>361</xmax>
			<ymin>285</ymin>
			<ymax>358</ymax>
		</bndbox>
	</object>
	<object>
		<name>Needle_Tip</name>
		<pose>Unspecified</pose>
		<truncated>0</truncated>
		<difficult>0</difficult>
		<occluded>0</occluded>
		<bndbox>
			<xmin>448</xmin>
			<xmax>495</xmax>
			<ymin>414</ymin>
			<ymax>456</ymax>
		</bndbox>
	</object>
</annotation>
