<annotation>
	<folder></folder>
	<filename>synthetic_gauge_8_png_jpg.rf.ff24960b4bdbf962b2e03ed4b12ff441.jpg</filename>
	<path>synthetic_gauge_8_png_jpg.rf.ff24960b4bdbf962b2e03ed4b12ff441.jpg</path>
	<source>
		<database>roboflow.com</database>
	</source>
	<size>
		<width>640</width>
		<height>640</height>
		<depth>3</depth>
	</size>
	<segmented>0</segmented>
	<object>
		<name>Needle_base</name>
		<pose>Unspecified</pose>
		<truncated>0</truncated>
		<difficult>0</difficult>
		<occluded>0</occluded>
		<bndbox>
			<xmin>290</xmin>
			<xmax>352</xmax>
			<ymin>291</ymin>
			<ymax>349</ymax>
		</bndbox>
	</object>
	<object>
		<name>Needle_Tip</name>
		<pose>Unspecified</pose>
		<truncated>0</truncated>
		<difficult>0</difficult>
		<occluded>0</occluded>
		<bndbox>
			<xmin>302</xmin>
			<xmax>365</xmax>
			<ymin>460</ymin>
			<ymax>525</ymax>
		</bndbox>
	</object>
</annotation>
