<annotation>
	<folder></folder>
	<filename>synthetic_gauge_31_png_jpg.rf.4b1da153d8e0c824d31e765dd0a2882f.jpg</filename>
	<path>synthetic_gauge_31_png_jpg.rf.4b1da153d8e0c824d31e765dd0a2882f.jpg</path>
	<source>
		<database>roboflow.com</database>
	</source>
	<size>
		<width>640</width>
		<height>640</height>
		<depth>3</depth>
	</size>
	<segmented>0</segmented>
	<object>
		<name>Needle_base</name>
		<pose>Unspecified</pose>
		<truncated>0</truncated>
		<difficult>0</difficult>
		<occluded>0</occluded>
		<bndbox>
			<xmin>286</xmin>
			<xmax>363</xmax>
			<ymin>293</ymin>
			<ymax>356</ymax>
		</bndbox>
	</object>
	<object>
		<name>Needle_Tip</name>
		<pose>Unspecified</pose>
		<truncated>0</truncated>
		<difficult>0</difficult>
		<occluded>0</occluded>
		<bndbox>
			<xmin>298</xmin>
			<xmax>339</xmax>
			<ymin>110</ymin>
			<ymax>185</ymax>
		</bndbox>
	</object>
</annotation>
