<annotation>
	<folder></folder>
	<filename>synthetic_gauge_71_png_jpg.rf.6cb465257d17adb059c02f4e4e75b15f.jpg</filename>
	<path>synthetic_gauge_71_png_jpg.rf.6cb465257d17adb059c02f4e4e75b15f.jpg</path>
	<source>
		<database>roboflow.com</database>
	</source>
	<size>
		<width>640</width>
		<height>640</height>
		<depth>3</depth>
	</size>
	<segmented>0</segmented>
	<object>
		<name>Needle_base</name>
		<pose>Unspecified</pose>
		<truncated>0</truncated>
		<difficult>0</difficult>
		<occluded>0</occluded>
		<bndbox>
			<xmin>285</xmin>
			<xmax>358</xmax>
			<ymin>299</ymin>
			<ymax>361</ymax>
		</bndbox>
	</object>
	<object>
		<name>Needle_Tip</name>
		<pose>Unspecified</pose>
		<truncated>0</truncated>
		<difficult>0</difficult>
		<occluded>0</occluded>
		<bndbox>
			<xmin>323</xmin>
			<xmax>365</xmax>
			<ymin>115</ymin>
			<ymax>162</ymax>
		</bndbox>
	</object>
</annotation>
