<annotation>
	<folder></folder>
	<filename>synthetic_gauge_2_png_jpg.rf.2edb922aa770e3554cb7748c8fe6a8a2.jpg</filename>
	<path>synthetic_gauge_2_png_jpg.rf.2edb922aa770e3554cb7748c8fe6a8a2.jpg</path>
	<source>
		<database>roboflow.com</database>
	</source>
	<size>
		<width>640</width>
		<height>640</height>
		<depth>3</depth>
	</size>
	<segmented>0</segmented>
	<object>
		<name>Needle_base</name>
		<pose>Unspecified</pose>
		<truncated>0</truncated>
		<difficult>0</difficult>
		<occluded>0</occluded>
		<bndbox>
			<xmin>293</xmin>
			<xmax>350</xmax>
			<ymin>291</ymin>
			<ymax>356</ymax>
		</bndbox>
	</object>
	<object>
		<name>Needle_Tip</name>
		<pose>Unspecified</pose>
		<truncated>0</truncated>
		<difficult>0</difficult>
		<occluded>0</occluded>
		<bndbox>
			<xmin>464</xmin>
			<xmax>507</xmax>
			<ymin>215</ymin>
			<ymax>268</ymax>
		</bndbox>
	</object>
</annotation>
