<annotation>
	<folder></folder>
	<filename>synthetic_gauge_88_png_jpg.rf.7b3c174f53cdc81d44e7238331f7872b.jpg</filename>
	<path>synthetic_gauge_88_png_jpg.rf.7b3c174f53cdc81d44e7238331f7872b.jpg</path>
	<source>
		<database>roboflow.com</database>
	</source>
	<size>
		<width>640</width>
		<height>640</height>
		<depth>3</depth>
	</size>
	<segmented>0</segmented>
	<object>
		<name>Needle_base</name>
		<pose>Unspecified</pose>
		<truncated>0</truncated>
		<difficult>0</difficult>
		<occluded>0</occluded>
		<bndbox>
			<xmin>285</xmin>
			<xmax>358</xmax>
			<ymin>299</ymin>
			<ymax>361</ymax>
		</bndbox>
	</object>
	<object>
		<name>Needle_Tip</name>
		<pose>Unspecified</pose>
		<truncated>0</truncated>
		<difficult>0</difficult>
		<occluded>0</occluded>
		<bndbox>
			<xmin>470</xmin>
			<xmax>512</xmax>
			<ymin>353</ymin>
			<ymax>399</ymax>
		</bndbox>
	</object>
</annotation>
