<annotation>
	<folder></folder>
	<filename>synthetic_gauge_26_png_jpg.rf.fe488e446735dc66c4c0ccfa133e1c1a.jpg</filename>
	<path>synthetic_gauge_26_png_jpg.rf.fe488e446735dc66c4c0ccfa133e1c1a.jpg</path>
	<source>
		<database>roboflow.com</database>
	</source>
	<size>
		<width>640</width>
		<height>640</height>
		<depth>3</depth>
	</size>
	<segmented>0</segmented>
	<object>
		<name>Needle_base</name>
		<pose>Unspecified</pose>
		<truncated>0</truncated>
		<difficult>0</difficult>
		<occluded>0</occluded>
		<bndbox>
			<xmin>292</xmin>
			<xmax>345</xmax>
			<ymin>283</ymin>
			<ymax>362</ymax>
		</bndbox>
	</object>
	<object>
		<name>Needle_Tip</name>
		<pose>Unspecified</pose>
		<truncated>0</truncated>
		<difficult>0</difficult>
		<occluded>0</occluded>
		<bndbox>
			<xmin>310</xmin>
			<xmax>417</xmax>
			<ymin>113</ymin>
			<ymax>163</ymax>
		</bndbox>
	</object>
</annotation>
