<annotation>
	<folder></folder>
	<filename>synthetic_gauge_95_png_jpg.rf.486751a11ecb17dd5acc4e63a0b98c99.jpg</filename>
	<path>synthetic_gauge_95_png_jpg.rf.486751a11ecb17dd5acc4e63a0b98c99.jpg</path>
	<source>
		<database>roboflow.com</database>
	</source>
	<size>
		<width>640</width>
		<height>640</height>
		<depth>3</depth>
	</size>
	<segmented>0</segmented>
	<object>
		<name>Needle_base</name>
		<pose>Unspecified</pose>
		<truncated>0</truncated>
		<difficult>0</difficult>
		<occluded>0</occluded>
		<bndbox>
			<xmin>285</xmin>
			<xmax>358</xmax>
			<ymin>299</ymin>
			<ymax>361</ymax>
		</bndbox>
	</object>
	<object>
		<name>Needle_Tip</name>
		<pose>Unspecified</pose>
		<truncated>0</truncated>
		<difficult>0</difficult>
		<occluded>0</occluded>
		<bndbox>
			<xmin>207</xmin>
			<xmax>248</xmax>
			<ymin>453</ymin>
			<ymax>499</ymax>
		</bndbox>
	</object>
</annotation>
