<annotation>
	<folder></folder>
	<filename>synthetic_gauge_11_png_jpg.rf.813cc9cb33d747a05f18936d8eb3be25.jpg</filename>
	<path>synthetic_gauge_11_png_jpg.rf.813cc9cb33d747a05f18936d8eb3be25.jpg</path>
	<source>
		<database>roboflow.com</database>
	</source>
	<size>
		<width>640</width>
		<height>640</height>
		<depth>3</depth>
	</size>
	<segmented>0</segmented>
	<object>
		<name>Needle_base</name>
		<pose>Unspecified</pose>
		<truncated>0</truncated>
		<difficult>0</difficult>
		<occluded>0</occluded>
		<bndbox>
			<xmin>285</xmin>
			<xmax>358</xmax>
			<ymin>299</ymin>
			<ymax>361</ymax>
		</bndbox>
	</object>
	<object>
		<name>Needle_Tip</name>
		<pose>Unspecified</pose>
		<truncated>0</truncated>
		<difficult>0</difficult>
		<occluded>0</occluded>
		<bndbox>
			<xmin>120</xmin>
			<xmax>162</xmax>
			<ymin>330</ymin>
			<ymax>376</ymax>
		</bndbox>
	</object>
</annotation>
