<annotation>
	<folder></folder>
	<filename>synthetic_gauge_88_png_jpg.rf.16823044ee8351c09f4c560a78d791f4.jpg</filename>
	<path>synthetic_gauge_88_png_jpg.rf.16823044ee8351c09f4c560a78d791f4.jpg</path>
	<source>
		<database>roboflow.com</database>
	</source>
	<size>
		<width>640</width>
		<height>640</height>
		<depth>3</depth>
	</size>
	<segmented>0</segmented>
	<object>
		<name>Needle_base</name>
		<pose>Unspecified</pose>
		<truncated>0</truncated>
		<difficult>0</difficult>
		<occluded>0</occluded>
		<bndbox>
			<xmin>284</xmin>
			<xmax>357</xmax>
			<ymin>281</ymin>
			<ymax>343</ymax>
		</bndbox>
	</object>
	<object>
		<name>Needle_Tip</name>
		<pose>Unspecified</pose>
		<truncated>0</truncated>
		<difficult>0</difficult>
		<occluded>0</occluded>
		<bndbox>
			<xmin>130</xmin>
			<xmax>172</xmax>
			<ymin>243</ymin>
			<ymax>289</ymax>
		</bndbox>
	</object>
</annotation>
