<annotation>
	<folder></folder>
	<filename>synthetic_gauge_64_png_jpg.rf.57a73efa0e005595142f27dbe241c494.jpg</filename>
	<path>synthetic_gauge_64_png_jpg.rf.57a73efa0e005595142f27dbe241c494.jpg</path>
	<source>
		<database>roboflow.com</database>
	</source>
	<size>
		<width>640</width>
		<height>640</height>
		<depth>3</depth>
	</size>
	<segmented>0</segmented>
	<object>
		<name>Needle_base</name>
		<pose>Unspecified</pose>
		<truncated>0</truncated>
		<difficult>0</difficult>
		<occluded>0</occluded>
		<bndbox>
			<xmin>288</xmin>
			<xmax>362</xmax>
			<ymin>281</ymin>
			<ymax>367</ymax>
		</bndbox>
	</object>
	<object>
		<name>Needle_Tip</name>
		<pose>Unspecified</pose>
		<truncated>0</truncated>
		<difficult>0</difficult>
		<occluded>0</occluded>
		<bndbox>
			<xmin>173</xmin>
			<xmax>234</xmax>
			<ymin>425</ymin>
			<ymax>500</ymax>
		</bndbox>
	</object>
</annotation>
