<annotation>
	<folder></folder>
	<filename>synthetic_gauge_33_png_jpg.rf.efd1f82f78052eaed19d568fa3646459.jpg</filename>
	<path>synthetic_gauge_33_png_jpg.rf.efd1f82f78052eaed19d568fa3646459.jpg</path>
	<source>
		<database>roboflow.com</database>
	</source>
	<size>
		<width>640</width>
		<height>640</height>
		<depth>3</depth>
	</size>
	<segmented>0</segmented>
	<object>
		<name>Needle_base</name>
		<pose>Unspecified</pose>
		<truncated>0</truncated>
		<difficult>0</difficult>
		<occluded>0</occluded>
		<bndbox>
			<xmin>295</xmin>
			<xmax>349</xmax>
			<ymin>307</ymin>
			<ymax>342</ymax>
		</bndbox>
	</object>
	<object>
		<name>Needle_Tip</name>
		<pose>Unspecified</pose>
		<truncated>0</truncated>
		<difficult>0</difficult>
		<occluded>0</occluded>
		<bndbox>
			<xmin>124</xmin>
			<xmax>206</xmax>
			<ymin>224</ymin>
			<ymax>263</ymax>
		</bndbox>
	</object>
</annotation>
