<annotation>
	<folder></folder>
	<filename>synthetic_gauge_45_png_jpg.rf.66684a9156f78f99f2be2f0fab012bab.jpg</filename>
	<path>synthetic_gauge_45_png_jpg.rf.66684a9156f78f99f2be2f0fab012bab.jpg</path>
	<source>
		<database>roboflow.com</database>
	</source>
	<size>
		<width>640</width>
		<height>640</height>
		<depth>3</depth>
	</size>
	<segmented>0</segmented>
	<object>
		<name>Needle_base</name>
		<pose>Unspecified</pose>
		<truncated>0</truncated>
		<difficult>0</difficult>
		<occluded>0</occluded>
		<bndbox>
			<xmin>304</xmin>
			<xmax>334</xmax>
			<ymin>295</ymin>
			<ymax>353</ymax>
		</bndbox>
	</object>
	<object>
		<name>Needle_Tip</name>
		<pose>Unspecified</pose>
		<truncated>0</truncated>
		<difficult>0</difficult>
		<occluded>0</occluded>
		<bndbox>
			<xmin>130</xmin>
			<xmax>223</xmax>
			<ymin>386</ymin>
			<ymax>431</ymax>
		</bndbox>
	</object>
</annotation>
