<annotation>
	<folder></folder>
	<filename>synthetic_gauge_13_png_jpg.rf.0cd1a9cd65688bb622eb8592d5598e80.jpg</filename>
	<path>synthetic_gauge_13_png_jpg.rf.0cd1a9cd65688bb622eb8592d5598e80.jpg</path>
	<source>
		<database>roboflow.com</database>
	</source>
	<size>
		<width>640</width>
		<height>640</height>
		<depth>3</depth>
	</size>
	<segmented>0</segmented>
	<object>
		<name>Needle_base</name>
		<pose>Unspecified</pose>
		<truncated>0</truncated>
		<difficult>0</difficult>
		<occluded>0</occluded>
		<bndbox>
			<xmin>299</xmin>
			<xmax>361</xmax>
			<ymin>285</ymin>
			<ymax>358</ymax>
		</bndbox>
	</object>
	<object>
		<name>Needle_Tip</name>
		<pose>Unspecified</pose>
		<truncated>0</truncated>
		<difficult>0</difficult>
		<occluded>0</occluded>
		<bndbox>
			<xmin>279</xmin>
			<xmax>326</xmax>
			<ymin>113</ymin>
			<ymax>154</ymax>
		</bndbox>
	</object>
</annotation>
