<annotation>
	<folder></folder>
	<filename>synthetic_gauge_58_png_jpg.rf.d726865b7a9ff42f84494e56007b3bd0.jpg</filename>
	<path>synthetic_gauge_58_png_jpg.rf.d726865b7a9ff42f84494e56007b3bd0.jpg</path>
	<source>
		<database>roboflow.com</database>
	</source>
	<size>
		<width>640</width>
		<height>640</height>
		<depth>3</depth>
	</size>
	<segmented>0</segmented>
	<object>
		<name>Needle_base</name>
		<pose>Unspecified</pose>
		<truncated>0</truncated>
		<difficult>0</difficult>
		<occluded>0</occluded>
		<bndbox>
			<xmin>281</xmin>
			<xmax>343</xmax>
			<ymin>285</ymin>
			<ymax>358</ymax>
		</bndbox>
	</object>
	<object>
		<name>Needle_Tip</name>
		<pose>Unspecified</pose>
		<truncated>0</truncated>
		<difficult>0</difficult>
		<occluded>0</occluded>
		<bndbox>
			<xmin>172</xmin>
			<xmax>218</xmax>
			<ymin>170</ymin>
			<ymax>201</ymax>
		</bndbox>
	</object>
</annotation>
