<annotation>
	<folder></folder>
	<filename>synthetic_gauge_67_png_jpg.rf.ad7c0733fc021fb48ed97eb00576d483.jpg</filename>
	<path>synthetic_gauge_67_png_jpg.rf.ad7c0733fc021fb48ed97eb00576d483.jpg</path>
	<source>
		<database>roboflow.com</database>
	</source>
	<size>
		<width>640</width>
		<height>640</height>
		<depth>3</depth>
	</size>
	<segmented>0</segmented>
	<object>
		<name>Needle_base</name>
		<pose>Unspecified</pose>
		<truncated>0</truncated>
		<difficult>0</difficult>
		<occluded>0</occluded>
		<bndbox>
			<xmin>284</xmin>
			<xmax>357</xmax>
			<ymin>281</ymin>
			<ymax>343</ymax>
		</bndbox>
	</object>
	<object>
		<name>Needle_Tip</name>
		<pose>Unspecified</pose>
		<truncated>0</truncated>
		<difficult>0</difficult>
		<occluded>0</occluded>
		<bndbox>
			<xmin>203</xmin>
			<xmax>244</xmax>
			<ymin>458</ymin>
			<ymax>504</ymax>
		</bndbox>
	</object>
</annotation>
