<annotation>
	<folder></folder>
	<filename>synthetic_gauge_13_png_jpg.rf.ec7b3e4672a321d5bb608e0b4576c97c.jpg</filename>
	<path>synthetic_gauge_13_png_jpg.rf.ec7b3e4672a321d5bb608e0b4576c97c.jpg</path>
	<source>
		<database>roboflow.com</database>
	</source>
	<size>
		<width>640</width>
		<height>640</height>
		<depth>3</depth>
	</size>
	<segmented>0</segmented>
	<object>
		<name>Needle_base</name>
		<pose>Unspecified</pose>
		<truncated>0</truncated>
		<difficult>0</difficult>
		<occluded>0</occluded>
		<bndbox>
			<xmin>285</xmin>
			<xmax>358</xmax>
			<ymin>299</ymin>
			<ymax>361</ymax>
		</bndbox>
	</object>
	<object>
		<name>Needle_Tip</name>
		<pose>Unspecified</pose>
		<truncated>0</truncated>
		<difficult>0</difficult>
		<occluded>0</occluded>
		<bndbox>
			<xmin>113</xmin>
			<xmax>154</xmax>
			<ymin>279</ymin>
			<ymax>326</ymax>
		</bndbox>
	</object>
</annotation>
