<annotation>
	<folder></folder>
	<filename>synthetic_gauge_37_png_jpg.rf.ed0bfdb77926779cd7722c0f9d74c537.jpg</filename>
	<path>synthetic_gauge_37_png_jpg.rf.ed0bfdb77926779cd7722c0f9d74c537.jpg</path>
	<source>
		<database>roboflow.com</database>
	</source>
	<size>
		<width>640</width>
		<height>640</height>
		<depth>3</depth>
	</size>
	<segmented>0</segmented>
	<object>
		<name>Needle_base</name>
		<pose>Unspecified</pose>
		<truncated>0</truncated>
		<difficult>0</difficult>
		<occluded>0</occluded>
		<bndbox>
			<xmin>296</xmin>
			<xmax>349</xmax>
			<ymin>302</ymin>
			<ymax>341</ymax>
		</bndbox>
	</object>
	<object>
		<name>Needle_Tip</name>
		<pose>Unspecified</pose>
		<truncated>0</truncated>
		<difficult>0</difficult>
		<occluded>0</occluded>
		<bndbox>
			<xmin>478</xmin>
			<xmax>531</xmax>
			<ymin>280</ymin>
			<ymax>330</ymax>
		</bndbox>
	</object>
</annotation>
