<annotation>
	<folder></folder>
	<filename>synthetic_gauge_16_png_jpg.rf.1feea083467fd7d0dbd928861dae26a3.jpg</filename>
	<path>synthetic_gauge_16_png_jpg.rf.1feea083467fd7d0dbd928861dae26a3.jpg</path>
	<source>
		<database>roboflow.com</database>
	</source>
	<size>
		<width>640</width>
		<height>640</height>
		<depth>3</depth>
	</size>
	<segmented>0</segmented>
	<object>
		<name>Needle_base</name>
		<pose>Unspecified</pose>
		<truncated>0</truncated>
		<difficult>0</difficult>
		<occluded>0</occluded>
		<bndbox>
			<xmin>297</xmin>
			<xmax>360</xmax>
			<ymin>298</ymin>
			<ymax>362</ymax>
		</bndbox>
	</object>
	<object>
		<name>Needle_Tip</name>
		<pose>Unspecified</pose>
		<truncated>0</truncated>
		<difficult>0</difficult>
		<occluded>0</occluded>
		<bndbox>
			<xmin>191</xmin>
			<xmax>266</xmax>
			<ymin>443</ymin>
			<ymax>526</ymax>
		</bndbox>
	</object>
</annotation>
