<annotation>
	<folder></folder>
	<filename>synthetic_gauge_63_png_jpg.rf.7ff03af201df4105c217a0fdbbb43ea8.jpg</filename>
	<path>synthetic_gauge_63_png_jpg.rf.7ff03af201df4105c217a0fdbbb43ea8.jpg</path>
	<source>
		<database>roboflow.com</database>
	</source>
	<size>
		<width>640</width>
		<height>640</height>
		<depth>3</depth>
	</size>
	<segmented>0</segmented>
	<object>
		<name>Needle_Tip</name>
		<pose>Unspecified</pose>
		<truncated>0</truncated>
		<difficult>0</difficult>
		<occluded>0</occluded>
		<bndbox>
			<xmin>119</xmin>
			<xmax>175</xmax>
			<ymin>236</ymin>
			<ymax>305</ymax>
		</bndbox>
	</object>
	<object>
		<name>Needle_base</name>
		<pose>Unspecified</pose>
		<truncated>0</truncated>
		<difficult>0</difficult>
		<occluded>0</occluded>
		<bndbox>
			<xmin>247</xmin>
			<xmax>393</xmax>
			<ymin>295</ymin>
			<ymax>343</ymax>
		</bndbox>
	</object>
</annotation>
