<annotation>
	<folder></folder>
	<filename>synthetic_gauge_58_png_jpg.rf.40aa57e83d624a8b7120e5ed1aaa5493.jpg</filename>
	<path>synthetic_gauge_58_png_jpg.rf.40aa57e83d624a8b7120e5ed1aaa5493.jpg</path>
	<source>
		<database>roboflow.com</database>
	</source>
	<size>
		<width>640</width>
		<height>640</height>
		<depth>3</depth>
	</size>
	<segmented>0</segmented>
	<object>
		<name>Needle_base</name>
		<pose>Unspecified</pose>
		<truncated>0</truncated>
		<difficult>0</difficult>
		<occluded>0</occluded>
		<bndbox>
			<xmin>285</xmin>
			<xmax>358</xmax>
			<ymin>299</ymin>
			<ymax>361</ymax>
		</bndbox>
	</object>
	<object>
		<name>Needle_Tip</name>
		<pose>Unspecified</pose>
		<truncated>0</truncated>
		<difficult>0</difficult>
		<occluded>0</occluded>
		<bndbox>
			<xmin>170</xmin>
			<xmax>201</xmax>
			<ymin>424</ymin>
			<ymax>470</ymax>
		</bndbox>
	</object>
</annotation>
