<annotation>
	<folder></folder>
	<filename>synthetic_gauge_25_png_jpg.rf.70fe8966fd250c6abc1e5284a7d3a965.jpg</filename>
	<path>synthetic_gauge_25_png_jpg.rf.70fe8966fd250c6abc1e5284a7d3a965.jpg</path>
	<source>
		<database>roboflow.com</database>
	</source>
	<size>
		<width>640</width>
		<height>640</height>
		<depth>3</depth>
	</size>
	<segmented>0</segmented>
	<object>
		<name>Needle_base</name>
		<pose>Unspecified</pose>
		<truncated>0</truncated>
		<difficult>0</difficult>
		<occluded>0</occluded>
		<bndbox>
			<xmin>297</xmin>
			<xmax>349</xmax>
			<ymin>287</ymin>
			<ymax>353</ymax>
		</bndbox>
	</object>
	<object>
		<name>Needle_Tip</name>
		<pose>Unspecified</pose>
		<truncated>0</truncated>
		<difficult>0</difficult>
		<occluded>0</occluded>
		<bndbox>
			<xmin>164</xmin>
			<xmax>217</xmax>
			<ymin>436</ymin>
			<ymax>473</ymax>
		</bndbox>
	</object>
</annotation>
