<annotation>
	<folder></folder>
	<filename>synthetic_gauge_16_png_jpg.rf.b493095a27add1588ac716c436566b83.jpg</filename>
	<path>synthetic_gauge_16_png_jpg.rf.b493095a27add1588ac716c436566b83.jpg</path>
	<source>
		<database>roboflow.com</database>
	</source>
	<size>
		<width>640</width>
		<height>640</height>
		<depth>3</depth>
	</size>
	<segmented>0</segmented>
	<object>
		<name>Needle_base</name>
		<pose>Unspecified</pose>
		<truncated>0</truncated>
		<difficult>0</difficult>
		<occluded>0</occluded>
		<bndbox>
			<xmin>298</xmin>
			<xmax>362</xmax>
			<ymin>297</ymin>
			<ymax>360</ymax>
		</bndbox>
	</object>
	<object>
		<name>Needle_Tip</name>
		<pose>Unspecified</pose>
		<truncated>0</truncated>
		<difficult>0</difficult>
		<occluded>0</occluded>
		<bndbox>
			<xmin>443</xmin>
			<xmax>526</xmax>
			<ymin>191</ymin>
			<ymax>266</ymax>
		</bndbox>
	</object>
</annotation>
