<annotation>
	<folder></folder>
	<filename>XXX003_jpg.rf.4d98d309e80ce1d95dd2556e13743279.jpg</filename>
	<path>XXX003_jpg.rf.4d98d309e80ce1d95dd2556e13743279.jpg</path>
	<source>
		<database>roboflow.com</database>
	</source>
	<size>
		<width>640</width>
		<height>640</height>
		<depth>3</depth>
	</size>
	<segmented>0</segmented>
	<object>
		<name>Needle_base</name>
		<pose>Unspecified</pose>
		<truncated>0</truncated>
		<difficult>0</difficult>
		<occluded>0</occluded>
		<bndbox>
			<xmin>245</xmin>
			<xmax>412</xmax>
			<ymin>249</ymin>
			<ymax>381</ymax>
		</bndbox>
	</object>
	<object>
		<name>Needle_Tip</name>
		<pose>Unspecified</pose>
		<truncated>0</truncated>
		<difficult>0</difficult>
		<occluded>0</occluded>
		<bndbox>
			<xmin>131</xmin>
			<xmax>235</xmax>
			<ymin>429</ymin>
			<ymax>492</ymax>
		</bndbox>
	</object>
	<object>
		<name>min_value</name>
		<pose>Unspecified</pose>
		<truncated>0</truncated>
		<difficult>0</difficult>
		<occluded>0</occluded>
		<bndbox>
			<xmin>161</xmin>
			<xmax>258</xmax>
			<ymin>406</ymin>
			<ymax>480</ymax>
		</bndbox>
	</object>
	<object>
		<name>max_value</name>
		<pose>Unspecified</pose>
		<truncated>0</truncated>
		<difficult>0</difficult>
		<occluded>0</occluded>
		<bndbox>
			<xmin>404</xmin>
			<xmax>478</xmax>
			<ymin>406</ymin>
			<ymax>481</ymax>
		</bndbox>
	</object>
</annotation>
