<annotation>
	<folder></folder>
	<filename>XXX002_jpg.rf.e07b9de902ea107adb2040c0a63d42c3.jpg</filename>
	<path>XXX002_jpg.rf.e07b9de902ea107adb2040c0a63d42c3.jpg</path>
	<source>
		<database>roboflow.com</database>
	</source>
	<size>
		<width>640</width>
		<height>640</height>
		<depth>3</depth>
	</size>
	<segmented>0</segmented>
	<object>
		<name>Needle_base</name>
		<pose>Unspecified</pose>
		<truncated>0</truncated>
		<difficult>0</difficult>
		<occluded>0</occluded>
		<bndbox>
			<xmin>322</xmin>
			<xmax>384</xmax>
			<ymin>314</ymin>
			<ymax>386</ymax>
		</bndbox>
	</object>
	<object>
		<name>Needle_Tip</name>
		<pose>Unspecified</pose>
		<truncated>0</truncated>
		<difficult>0</difficult>
		<occluded>0</occluded>
		<bndbox>
			<xmin>413</xmin>
			<xmax>460</xmax>
			<ymin>462</ymin>
			<ymax>503</ymax>
		</bndbox>
	</object>
	<object>
		<name>min_value</name>
		<pose>Unspecified</pose>
		<truncated>0</truncated>
		<difficult>0</difficult>
		<occluded>0</occluded>
		<bndbox>
			<xmin>182</xmin>
			<xmax>247</xmax>
			<ymin>256</ymin>
			<ymax>308</ymax>
		</bndbox>
	</object>
	<object>
		<name>max_value</name>
		<pose>Unspecified</pose>
		<truncated>0</truncated>
		<difficult>0</difficult>
		<occluded>0</occluded>
		<bndbox>
			<xmin>465</xmin>
			<xmax>517</xmax>
			<ymin>257</ymin>
			<ymax>312</ymax>
		</bndbox>
	</object>
</annotation>
