<annotation>
	<folder></folder>
	<filename>XXX003_jpg.rf.08c68efda2a0386db914d18880a7f0e1.jpg</filename>
	<path>XXX003_jpg.rf.08c68efda2a0386db914d18880a7f0e1.jpg</path>
	<source>
		<database>roboflow.com</database>
	</source>
	<size>
		<width>640</width>
		<height>640</height>
		<depth>3</depth>
	</size>
	<segmented>0</segmented>
	<object>
		<name>Needle_base</name>
		<pose>Unspecified</pose>
		<truncated>0</truncated>
		<difficult>0</difficult>
		<occluded>0</occluded>
		<bndbox>
			<xmin>230</xmin>
			<xmax>397</xmax>
			<ymin>261</ymin>
			<ymax>393</ymax>
		</bndbox>
	</object>
	<object>
		<name>Needle_Tip</name>
		<pose>Unspecified</pose>
		<truncated>0</truncated>
		<difficult>0</difficult>
		<occluded>0</occluded>
		<bndbox>
			<xmin>407</xmin>
			<xmax>511</xmax>
			<ymin>150</ymin>
			<ymax>213</ymax>
		</bndbox>
	</object>
	<object>
		<name>min_value</name>
		<pose>Unspecified</pose>
		<truncated>0</truncated>
		<difficult>0</difficult>
		<occluded>0</occluded>
		<bndbox>
			<xmin>384</xmin>
			<xmax>481</xmax>
			<ymin>162</ymin>
			<ymax>236</ymax>
		</bndbox>
	</object>
	<object>
		<name>max_value</name>
		<pose>Unspecified</pose>
		<truncated>0</truncated>
		<difficult>0</difficult>
		<occluded>0</occluded>
		<bndbox>
			<xmin>164</xmin>
			<xmax>238</xmax>
			<ymin>161</ymin>
			<ymax>236</ymax>
		</bndbox>
	</object>
</annotation>
