<annotation>
	<folder></folder>
	<filename>XXX046_jpg.rf.6a9a772f22597e5bcfd21867559c1695.jpg</filename>
	<path>XXX046_jpg.rf.6a9a772f22597e5bcfd21867559c1695.jpg</path>
	<source>
		<database>roboflow.com</database>
	</source>
	<size>
		<width>640</width>
		<height>640</height>
		<depth>3</depth>
	</size>
	<segmented>0</segmented>
	<object>
		<name>Needle_base</name>
		<pose>Unspecified</pose>
		<truncated>0</truncated>
		<difficult>0</difficult>
		<occluded>0</occluded>
		<bndbox>
			<xmin>300</xmin>
			<xmax>373</xmax>
			<ymin>263</ymin>
			<ymax>374</ymax>
		</bndbox>
	</object>
	<object>
		<name>Needle_Tip</name>
		<pose>Unspecified</pose>
		<truncated>0</truncated>
		<difficult>0</difficult>
		<occluded>0</occluded>
		<bndbox>
			<xmin>218</xmin>
			<xmax>244</xmax>
			<ymin>439</ymin>
			<ymax>483</ymax>
		</bndbox>
	</object>
	<object>
		<name>min_value</name>
		<pose>Unspecified</pose>
		<truncated>0</truncated>
		<difficult>0</difficult>
		<occluded>0</occluded>
		<bndbox>
			<xmin>233</xmin>
			<xmax>265</xmax>
			<ymin>451</ymin>
			<ymax>495</ymax>
		</bndbox>
	</object>
	<object>
		<name>max_value</name>
		<pose>Unspecified</pose>
		<truncated>0</truncated>
		<difficult>0</difficult>
		<occluded>0</occluded>
		<bndbox>
			<xmin>445</xmin>
			<xmax>484</xmax>
			<ymin>350</ymin>
			<ymax>408</ymax>
		</bndbox>
	</object>
</annotation>
