<annotation>
	<folder></folder>
	<filename>XXX046_jpg.rf.204f4f8e80fbdbd3a1589ad51d819177.jpg</filename>
	<path>XXX046_jpg.rf.204f4f8e80fbdbd3a1589ad51d819177.jpg</path>
	<source>
		<database>roboflow.com</database>
	</source>
	<size>
		<width>640</width>
		<height>640</height>
		<depth>3</depth>
	</size>
	<segmented>0</segmented>
	<object>
		<name>Needle_base</name>
		<pose>Unspecified</pose>
		<truncated>0</truncated>
		<difficult>0</difficult>
		<occluded>0</occluded>
		<bndbox>
			<xmin>300</xmin>
			<xmax>373</xmax>
			<ymin>268</ymin>
			<ymax>379</ymax>
		</bndbox>
	</object>
	<object>
		<name>Needle_Tip</name>
		<pose>Unspecified</pose>
		<truncated>0</truncated>
		<difficult>0</difficult>
		<occluded>0</occluded>
		<bndbox>
			<xmin>218</xmin>
			<xmax>244</xmax>
			<ymin>159</ymin>
			<ymax>203</ymax>
		</bndbox>
	</object>
	<object>
		<name>min_value</name>
		<pose>Unspecified</pose>
		<truncated>0</truncated>
		<difficult>0</difficult>
		<occluded>0</occluded>
		<bndbox>
			<xmin>233</xmin>
			<xmax>265</xmax>
			<ymin>147</ymin>
			<ymax>191</ymax>
		</bndbox>
	</object>
	<object>
		<name>max_value</name>
		<pose>Unspecified</pose>
		<truncated>0</truncated>
		<difficult>0</difficult>
		<occluded>0</occluded>
		<bndbox>
			<xmin>445</xmin>
			<xmax>484</xmax>
			<ymin>234</ymin>
			<ymax>292</ymax>
		</bndbox>
	</object>
</annotation>
