<annotation>
	<folder></folder>
	<filename>XXX003_jpg.rf.5b78346c3d872f757cec97b429795342.jpg</filename>
	<path>XXX003_jpg.rf.5b78346c3d872f757cec97b429795342.jpg</path>
	<source>
		<database>roboflow.com</database>
	</source>
	<size>
		<width>640</width>
		<height>640</height>
		<depth>3</depth>
	</size>
	<segmented>0</segmented>
	<object>
		<name>Needle_base</name>
		<pose>Unspecified</pose>
		<truncated>0</truncated>
		<difficult>0</difficult>
		<occluded>0</occluded>
		<bndbox>
			<xmin>249</xmin>
			<xmax>381</xmax>
			<ymin>230</ymin>
			<ymax>397</ymax>
		</bndbox>
	</object>
	<object>
		<name>Needle_Tip</name>
		<pose>Unspecified</pose>
		<truncated>0</truncated>
		<difficult>0</difficult>
		<occluded>0</occluded>
		<bndbox>
			<xmin>429</xmin>
			<xmax>492</xmax>
			<ymin>407</ymin>
			<ymax>511</ymax>
		</bndbox>
	</object>
	<object>
		<name>min_value</name>
		<pose>Unspecified</pose>
		<truncated>0</truncated>
		<difficult>0</difficult>
		<occluded>0</occluded>
		<bndbox>
			<xmin>406</xmin>
			<xmax>480</xmax>
			<ymin>384</ymin>
			<ymax>481</ymax>
		</bndbox>
	</object>
	<object>
		<name>max_value</name>
		<pose>Unspecified</pose>
		<truncated>0</truncated>
		<difficult>0</difficult>
		<occluded>0</occluded>
		<bndbox>
			<xmin>406</xmin>
			<xmax>481</xmax>
			<ymin>164</ymin>
			<ymax>238</ymax>
		</bndbox>
	</object>
</annotation>
