<annotation>
	<folder></folder>
	<filename>XXX005_jpg.rf.9767cebde48808feb6f88b34b1060a38.jpg</filename>
	<path>XXX005_jpg.rf.9767cebde48808feb6f88b34b1060a38.jpg</path>
	<source>
		<database>roboflow.com</database>
	</source>
	<size>
		<width>640</width>
		<height>640</height>
		<depth>3</depth>
	</size>
	<segmented>0</segmented>
	<object>
		<name>Needle_base</name>
		<pose>Unspecified</pose>
		<truncated>0</truncated>
		<difficult>0</difficult>
		<occluded>0</occluded>
		<bndbox>
			<xmin>284</xmin>
			<xmax>366</xmax>
			<ymin>269</ymin>
			<ymax>356</ymax>
		</bndbox>
	</object>
	<object>
		<name>Needle_Tip</name>
		<pose>Unspecified</pose>
		<truncated>0</truncated>
		<difficult>0</difficult>
		<occluded>0</occluded>
		<bndbox>
			<xmin>194</xmin>
			<xmax>236</xmax>
			<ymin>437</ymin>
			<ymax>484</ymax>
		</bndbox>
	</object>
	<object>
		<name>min_value</name>
		<pose>Unspecified</pose>
		<truncated>0</truncated>
		<difficult>0</difficult>
		<occluded>0</occluded>
		<bndbox>
			<xmin>195</xmin>
			<xmax>247</xmax>
			<ymin>390</ymin>
			<ymax>456</ymax>
		</bndbox>
	</object>
	<object>
		<name>max_value</name>
		<pose>Unspecified</pose>
		<truncated>0</truncated>
		<difficult>0</difficult>
		<occluded>0</occluded>
		<bndbox>
			<xmin>411</xmin>
			<xmax>466</xmax>
			<ymin>393</ymin>
			<ymax>446</ymax>
		</bndbox>
	</object>
</annotation>
