<annotation>
	<folder></folder>
	<filename>XXX040_jpg.rf.35512c9fffa3920f4a4470be9b381cf6.jpg</filename>
	<path>XXX040_jpg.rf.35512c9fffa3920f4a4470be9b381cf6.jpg</path>
	<source>
		<database>roboflow.com</database>
	</source>
	<size>
		<width>640</width>
		<height>640</height>
		<depth>3</depth>
	</size>
	<segmented>0</segmented>
	<object>
		<name>Needle_base</name>
		<pose>Unspecified</pose>
		<truncated>0</truncated>
		<difficult>0</difficult>
		<occluded>0</occluded>
		<bndbox>
			<xmin>291</xmin>
			<xmax>418</xmax>
			<ymin>263</ymin>
			<ymax>381</ymax>
		</bndbox>
	</object>
	<object>
		<name>Needle_Tip</name>
		<pose>Unspecified</pose>
		<truncated>0</truncated>
		<difficult>0</difficult>
		<occluded>0</occluded>
		<bndbox>
			<xmin>415</xmin>
			<xmax>461</xmax>
			<ymin>155</ymin>
			<ymax>196</ymax>
		</bndbox>
	</object>
	<object>
		<name>min_value</name>
		<pose>Unspecified</pose>
		<truncated>0</truncated>
		<difficult>0</difficult>
		<occluded>0</occluded>
		<bndbox>
			<xmin>380</xmin>
			<xmax>445</xmax>
			<ymin>198</ymin>
			<ymax>250</ymax>
		</bndbox>
	</object>
	<object>
		<name>max_value</name>
		<pose>Unspecified</pose>
		<truncated>0</truncated>
		<difficult>0</difficult>
		<occluded>0</occluded>
		<bndbox>
			<xmin>383</xmin>
			<xmax>435</xmax>
			<ymin>397</ymin>
			<ymax>452</ymax>
		</bndbox>
	</object>
</annotation>
