<annotation>
	<folder></folder>
	<filename>XXX057_jpg.rf.8ef84a63c8e57c7190bc56a80b2843bd.jpg</filename>
	<path>XXX057_jpg.rf.8ef84a63c8e57c7190bc56a80b2843bd.jpg</path>
	<source>
		<database>roboflow.com</database>
	</source>
	<size>
		<width>640</width>
		<height>640</height>
		<depth>3</depth>
	</size>
	<segmented>0</segmented>
	<object>
		<name>Needle_base</name>
		<pose>Unspecified</pose>
		<truncated>0</truncated>
		<difficult>0</difficult>
		<occluded>0</occluded>
		<bndbox>
			<xmin>265</xmin>
			<xmax>392</xmax>
			<ymin>198</ymin>
			<ymax>276</ymax>
		</bndbox>
	</object>
	<object>
		<name>Needle_Tip</name>
		<pose>Unspecified</pose>
		<truncated>0</truncated>
		<difficult>0</difficult>
		<occluded>0</occluded>
		<bndbox>
			<xmin>278</xmin>
			<xmax>325</xmax>
			<ymin>388</ymin>
			<ymax>429</ymax>
		</bndbox>
	</object>
	<object>
		<name>min_value</name>
		<pose>Unspecified</pose>
		<truncated>0</truncated>
		<difficult>0</difficult>
		<occluded>0</occluded>
		<bndbox>
			<xmin>127</xmin>
			<xmax>192</xmax>
			<ymin>315</ymin>
			<ymax>367</ymax>
		</bndbox>
	</object>
	<object>
		<name>max_value</name>
		<pose>Unspecified</pose>
		<truncated>0</truncated>
		<difficult>0</difficult>
		<occluded>0</occluded>
		<bndbox>
			<xmin>119</xmin>
			<xmax>171</xmax>
			<ymin>102</ymin>
			<ymax>157</ymax>
		</bndbox>
	</object>
</annotation>
